[
  {
    "bridge_balance_mohm": 13.0036630630493,
    "id": 475069667,
    "leak_pa": -28.2149715423584,
    "num_spikes": null,
    "peak_deflection": 0.0,
    "post_noise_rms_mv": 0.0392708815634251,
    "post_vm_mv": -73.2964019775391,
    "pre_noise_rms_mv": 0.0408857055008411,
    "pre_vm_mv": -73.3267669677734,
    "slow_noise_rms_mv": 0.305175721645355,
    "slow_vm_mv": -73.3267669677734,
    "specimen_id": 475057898,
    "stimulus_absolute_amplitude": -200.000002670286,
    "stimulus_description": "C1SQCAPCHK141203[0]",
    "stimulus_duration": 7.218495,
    "stimulus_interval": 0.2005,
    "stimulus_name": "Square - 0.5ms Subthreshold",
    "stimulus_relative_amplitude": 1.0,
    "stimulus_start_time": 0.8215,
    "stimulus_units": "Amps",
    "sweep_number": 56,
    "vm_delta_mv": 0.030364990234375
  },
  {
    "bridge_balance_mohm": 12.0268621444702,
    "id": 475069619,
    "leak_pa": -15.3550872802734,
    "num_spikes": 22,
    "peak_deflection": 0.0,
    "post_noise_rms_mv": 0.0420069918036461,
    "post_vm_mv": -73.6557388305664,
    "pre_noise_rms_mv": 0.0422095917165279,
    "pre_vm_mv": -73.2552185058594,
    "slow_noise_rms_mv": 0.255599826574326,
    "slow_vm_mv": -73.2552185058594,
    "specimen_id": 475057898,
    "stimulus_absolute_amplitude": 129.99999687846,
    "stimulus_description": "C1LSCOARSE150216[12]",
    "stimulus_duration": 0.999995,
    "stimulus_interval": null,
    "stimulus_name": "Long Square",
    "stimulus_relative_amplitude": 1.0,
    "stimulus_start_time": 1.02,
    "stimulus_units": "Amps",
    "sweep_number": 35,
    "vm_delta_mv": 0.400520324707031
  },
  {
    "bridge_balance_mohm": 11.5384616851807,
    "id": 475069575,
    "leak_pa": 1.59948813915253,
    "num_spikes": null,
    "peak_deflection": 0.0,
    "post_noise_rms_mv": 0.0404603593051434,
    "post_vm_mv": -74.1123504638672,
    "pre_noise_rms_mv": 0.0349139384925365,
    "pre_vm_mv": -73.8776626586914,
    "slow_noise_rms_mv": 0.224229395389557,
    "slow_vm_mv": -73.8776626586914,
    "specimen_id": 475057898,
    "stimulus_absolute_amplitude": 589.999993305668,
    "stimulus_description": "C1SSFINEST150112[0]",
    "stimulus_duration": 0.002995,
    "stimulus_interval": null,
    "stimulus_name": "Short Square",
    "stimulus_relative_amplitude": 5.9,
    "stimulus_start_time": 1.02,
    "stimulus_units": "Amps",
    "sweep_number": 15,
    "vm_delta_mv": 0.234687805175781
  },
  {
    "bridge_balance_mohm": 13.0036630630493,
    "id": 475069539,
    "leak_pa": 13.3717212677002,
    "num_spikes": null,
    "peak_deflection": 0.0,
    "post_noise_rms_mv": 0.0400861725211143,
    "post_vm_mv": -61.6174240112305,
    "pre_noise_rms_mv": 0.0373092666268349,
    "pre_vm_mv": -61.3647537231445,
    "slow_noise_rms_mv": 0.14972198009491,
    "slow_vm_mv": -61.3647537231445,
    "specimen_id": 475057898,
    "stimulus_absolute_amplitude": 299.999997066536,
    "stimulus_description": "C2SSHM60CS150112[2]",
    "stimulus_duration": 0.002995,
    "stimulus_interval": null,
    "stimulus_name": "Short Square - Hold -60mV",
    "stimulus_relative_amplitude": 1.0,
    "stimulus_start_time": 1.02,
    "stimulus_units": "Amps",
    "sweep_number": 114,
    "vm_delta_mv": 0.252670288085938
  },
  {
    "bridge_balance_mohm": 13.0036630630493,
    "id": 475069681,
    "leak_pa": -32.2456817626953,
    "num_spikes": 8,
    "peak_deflection": 0.0,
    "post_noise_rms_mv": 0.0401652678847313,
    "post_vm_mv": -73.2977523803711,
    "pre_noise_rms_mv": 0.0389427542686462,
    "pre_vm_mv": -73.6623306274414,
    "slow_noise_rms_mv": 0.132879063487053,
    "slow_vm_mv": -73.6623306274414,
    "specimen_id": 475057898,
    "stimulus_absolute_amplitude": 90.0000005077395,
    "stimulus_description": "C2SQRHELNG150216[0]",
    "stimulus_duration": 1.999995,
    "stimulus_interval": null,
    "stimulus_name": "Square - 2s Suprathreshold",
    "stimulus_relative_amplitude": 0.9,
    "stimulus_start_time": 1.02,
    "stimulus_units": "Amps",
    "sweep_number": 62,
    "vm_delta_mv": 0.364578247070312
  },
  {
    "bridge_balance_mohm": 13.0036630630493,
    "id": 475069751,
    "leak_pa": -31.2220077514648,
    "num_spikes": 3,
    "peak_deflection": 0.0,
    "post_noise_rms_mv": 0.0383388251066208,
    "post_vm_mv": -72.6022567749023,
    "pre_noise_rms_mv": 0.033400371670723,
    "pre_vm_mv": -72.6403427124023,
    "slow_noise_rms_mv": 0.271676808595657,
    "slow_vm_mv": -72.6403427124023,
    "specimen_id": 475057898,
    "stimulus_absolute_amplitude": 609.999994960475,
    "stimulus_description": "C2SSTRIPLE141203[4]",
    "stimulus_duration": 0.048995,
    "stimulus_interval": 0.023,
    "stimulus_name": "Short Square - Triple",
    "stimulus_relative_amplitude": 6.1,
    "stimulus_start_time": 2.02,
    "stimulus_units": "Amps",
    "sweep_number": 94,
    "vm_delta_mv": 0.0380859375
  },
  {
    "bridge_balance_mohm": 13.0036630630493,
    "id": 475069759,
    "leak_pa": -67.8182983398438,
    "num_spikes": null,
    "peak_deflection": 0.0,
    "post_noise_rms_mv": 0.0358569547533989,
    "post_vm_mv": -79.492790222168,
    "pre_noise_rms_mv": 0.0374652817845345,
    "pre_vm_mv": -79.2241744995117,
    "slow_noise_rms_mv": 0.173184230923653,
    "slow_vm_mv": -79.2241744995117,
    "specimen_id": 475057898,
    "stimulus_absolute_amplitude": 100.000001335143,
    "stimulus_description": "C2SSHM80CS150112[0]",
    "stimulus_duration": 0.002995,
    "stimulus_interval": null,
    "stimulus_name": "Short Square - Hold -80mV",
    "stimulus_relative_amplitude": 1.0,
    "stimulus_start_time": 1.02,
    "stimulus_units": "Amps",
    "sweep_number": 98,
    "vm_delta_mv": 0.26861572265625
  },
  {
    "bridge_balance_mohm": 13.0036630630493,
    "id": 475069689,
    "leak_pa": -36.7882270812988,
    "num_spikes": 44,
    "peak_deflection": 0.0,
    "post_noise_rms_mv": 0.041887953877449,
    "post_vm_mv": -73.7964706420898,
    "pre_noise_rms_mv": 0.0393881052732468,
    "pre_vm_mv": -73.262321472168,
    "slow_noise_rms_mv": 0.251612335443497,
    "slow_vm_mv": -73.262321472168,
    "specimen_id": 475057898,
    "stimulus_absolute_amplitude": 129.99999687846,
    "stimulus_description": "C2SQRHELNG150216[0]",
    "stimulus_duration": 1.999995,
    "stimulus_interval": null,
    "stimulus_name": "Square - 2s Suprathreshold",
    "stimulus_relative_amplitude": 1.3,
    "stimulus_start_time": 1.02,
    "stimulus_units": "Amps",
    "sweep_number": 66,
    "vm_delta_mv": 0.534149169921875
  },
  {
    "bridge_balance_mohm": 13.0036630630493,
    "id": 475069757,
    "leak_pa": -31.2220077514648,
    "num_spikes": 3,
    "peak_deflection": 0.0,
    "post_noise_rms_mv": 0.0429618768393993,
    "post_vm_mv": -72.4494476318359,
    "pre_noise_rms_mv": 0.039709810167551,
    "pre_vm_mv": -71.8744430541992,
    "slow_noise_rms_mv": 0.194452047348022,
    "slow_vm_mv": -71.8744430541992,
    "specimen_id": 475057898,
    "stimulus_absolute_amplitude": 609.999994960475,
    "stimulus_description": "C2SSTRIPLE141203[7]",
    "stimulus_duration": 0.072995,
    "stimulus_interval": 0.035,
    "stimulus_name": "Short Square - Triple",
    "stimulus_relative_amplitude": 6.1,
    "stimulus_start_time": 2.02,
    "stimulus_units": "Amps",
    "sweep_number": 97,
    "vm_delta_mv": 0.575004577636719
  },
  {
    "bridge_balance_mohm": 13.0036630630493,
    "id": 475069677,
    "leak_pa": -32.2456817626953,
    "num_spikes": 6,
    "peak_deflection": 0.0,
    "post_noise_rms_mv": 0.0400757826864719,
    "post_vm_mv": -74.171257019043,
    "pre_noise_rms_mv": 0.0459756627678871,
    "pre_vm_mv": -74.1490783691406,
    "slow_noise_rms_mv": 0.103908076882362,
    "slow_vm_mv": -74.1490783691406,
    "specimen_id": 475057898,
    "stimulus_absolute_amplitude": 90.0000005077395,
    "stimulus_description": "C2SQRHELNG150216[0]",
    "stimulus_duration": 1.999995,
    "stimulus_interval": null,
    "stimulus_name": "Square - 2s Suprathreshold",
    "stimulus_relative_amplitude": 0.9,
    "stimulus_start_time": 1.02,
    "stimulus_units": "Amps",
    "sweep_number": 60,
    "vm_delta_mv": 0.0221786499023438
  },
  {
    "bridge_balance_mohm": 13.0036630630493,
    "id": 475069687,
    "leak_pa": -39.5393486022949,
    "num_spikes": 42,
    "peak_deflection": 0.0,
    "post_noise_rms_mv": 0.0393340811133385,
    "post_vm_mv": -74.1104125976562,
    "pre_noise_rms_mv": 0.0483817867934704,
    "pre_vm_mv": -73.4201431274414,
    "slow_noise_rms_mv": 0.284105151891708,
    "slow_vm_mv": -73.4201431274414,
    "specimen_id": 475057898,
    "stimulus_absolute_amplitude": 129.99999687846,
    "stimulus_description": "C2SQRHELNG150216[0]",
    "stimulus_duration": 1.999995,
    "stimulus_interval": null,
    "stimulus_name": "Square - 2s Suprathreshold",
    "stimulus_relative_amplitude": 1.3,
    "stimulus_start_time": 1.02,
    "stimulus_units": "Amps",
    "sweep_number": 65,
    "vm_delta_mv": 0.690269470214844
  },
  {
    "bridge_balance_mohm": 13.0036630630493,
    "id": 475069745,
    "leak_pa": -31.2220077514648,
    "num_spikes": 3,
    "peak_deflection": 0.0,
    "post_noise_rms_mv": 0.0370487980544567,
    "post_vm_mv": -72.5706787109375,
    "pre_noise_rms_mv": 0.0401097759604454,
    "pre_vm_mv": -72.2287139892578,
    "slow_noise_rms_mv": 0.285131007432938,
    "slow_vm_mv": -72.2287139892578,
    "specimen_id": 475057898,
    "stimulus_absolute_amplitude": 609.999994960475,
    "stimulus_description": "C2SSTRIPLE141203[1]",
    "stimulus_duration": 0.024995,
    "stimulus_interval": 0.011,
    "stimulus_name": "Short Square - Triple",
    "stimulus_relative_amplitude": 6.1,
    "stimulus_start_time": 2.02,
    "stimulus_units": "Amps",
    "sweep_number": 91,
    "vm_delta_mv": 0.341964721679688
  },
  {
    "bridge_balance_mohm": 13.0036630630493,
    "id": 475069703,
    "leak_pa": -33.1413955688477,
    "num_spikes": 177,
    "peak_deflection": 0.0,
    "post_noise_rms_mv": 0.0407758839428425,
    "post_vm_mv": -73.5921630859375,
    "pre_noise_rms_mv": 0.0364858880639076,
    "pre_vm_mv": -74.4693145751953,
    "slow_noise_rms_mv": 0.174994915723801,
    "slow_vm_mv": -74.4693145751953,
    "specimen_id": 475057898,
    "stimulus_absolute_amplitude": 304.999997480238,
    "stimulus_description": "C2NSRMPRH2150216[0]",
    "stimulus_duration": 31.999965,
    "stimulus_interval": null,
    "stimulus_name": "Ramp to Rheobase",
    "stimulus_relative_amplitude": 0.9,
    "stimulus_start_time": 2.02003,
    "stimulus_units": "Amps",
    "sweep_number": 72,
    "vm_delta_mv": 0.877151489257812
  },
  {
    "bridge_balance_mohm": 13.0036630630493,
    "id": 475069525,
    "leak_pa": -77.6071624755859,
    "num_spikes": 1,
    "peak_deflection": 0.0,
    "post_noise_rms_mv": 0.0345695503056049,
    "post_vm_mv": -79.4729766845703,
    "pre_noise_rms_mv": 0.0408077798783779,
    "pre_vm_mv": -79.7247467041016,
    "slow_noise_rms_mv": 0.242813214659691,
    "slow_vm_mv": -79.7247467041016,
    "specimen_id": 475057898,
    "stimulus_absolute_amplitude": 770.000008198934,
    "stimulus_description": "C2SSHM80FN150112[0]",
    "stimulus_duration": 0.002995,
    "stimulus_interval": null,
    "stimulus_name": "Short Square - Hold -80mV",
    "stimulus_relative_amplitude": 7.7,
    "stimulus_start_time": 1.02,
    "stimulus_units": "Amps",
    "sweep_number": 108,
    "vm_delta_mv": 0.25177001953125
  },
  {
    "bridge_balance_mohm": 13.0036630630493,
    "id": 475069641,
    "leak_pa": -20.3454895019531,
    "num_spikes": 6,
    "peak_deflection": 0.0,
    "post_noise_rms_mv": 0.0351672954857349,
    "post_vm_mv": -73.0018081665039,
    "pre_noise_rms_mv": 0.0386587791144848,
    "pre_vm_mv": -73.3070373535156,
    "slow_noise_rms_mv": 0.219738721847534,
    "slow_vm_mv": -73.3070373535156,
    "specimen_id": 475057898,
    "stimulus_absolute_amplitude": 90.0000005077395,
    "stimulus_description": "C1LSFINEST150112[0]",
    "stimulus_duration": 0.999995,
    "stimulus_interval": null,
    "stimulus_name": "Long Square",
    "stimulus_relative_amplitude": 0.9,
    "stimulus_start_time": 1.02,
    "stimulus_units": "Amps",
    "sweep_number": 45,
    "vm_delta_mv": 0.305229187011719
  },
  {
    "bridge_balance_mohm": 11.5384616851807,
    "id": 475069719,
    "leak_pa": 0.127959057688713,
    "num_spikes": null,
    "peak_deflection": 0.0,
    "post_noise_rms_mv": 0.0435630455613136,
    "post_vm_mv": -73.9539031982422,
    "pre_noise_rms_mv": 0.0369554534554482,
    "pre_vm_mv": -74.4835891723633,
    "slow_noise_rms_mv": 0.127205893397331,
    "slow_vm_mv": -74.4835891723633,
    "specimen_id": 475057898,
    "stimulus_absolute_amplitude": 200.000002670286,
    "stimulus_description": "C1SSCOARSE150112[1]",
    "stimulus_duration": 0.002995,
    "stimulus_interval": null,
    "stimulus_name": "Short Square",
    "stimulus_relative_amplitude": 1.0,
    "stimulus_start_time": 1.02,
    "stimulus_units": "Amps",
    "sweep_number": 8,
    "vm_delta_mv": 0.529685974121094
  },
  {
    "bridge_balance_mohm": 12.0268621444702,
    "id": 475069605,
    "leak_pa": -6.84580945968628,
    "num_spikes": null,
    "peak_deflection": -69.59375,
    "post_noise_rms_mv": 0.0403707586228848,
    "post_vm_mv": -72.6325531005859,
    "pre_noise_rms_mv": 0.0376454591751099,
    "pre_vm_mv": -72.632080078125,
    "slow_noise_rms_mv": 0.190819814801216,
    "slow_vm_mv": -72.632080078125,
    "specimen_id": 475057898,
    "stimulus_absolute_amplitude": 9.99999996004197,
    "stimulus_description": "C1LSCOARSE150216[6]",
    "stimulus_duration": 0.999995,
    "stimulus_interval": null,
    "stimulus_name": "Long Square",
    "stimulus_relative_amplitude": 1.0,
    "stimulus_start_time": 1.02,
    "stimulus_units": "Amps",
    "sweep_number": 29,
    "vm_delta_mv": 0.0004730224609375
  },
  {
    "bridge_balance_mohm": 11.5384616851807,
    "id": 475069573,
    "leak_pa": 1.59948813915253,
    "num_spikes": null,
    "peak_deflection": 0.0,
    "post_noise_rms_mv": 0.0398644395172596,
    "post_vm_mv": -73.7306518554688,
    "pre_noise_rms_mv": 0.0314025543630123,
    "pre_vm_mv": -73.9215469360352,
    "slow_noise_rms_mv": 0.186553910374641,
    "slow_vm_mv": -73.9215469360352,
    "specimen_id": 475057898,
    "stimulus_absolute_amplitude": 569.99999165086,
    "stimulus_description": "C1SSFINEST150112[0]",
    "stimulus_duration": 0.002995,
    "stimulus_interval": null,
    "stimulus_name": "Short Square",
    "stimulus_relative_amplitude": 5.7,
    "stimulus_start_time": 1.02,
    "stimulus_units": "Amps",
    "sweep_number": 14,
    "vm_delta_mv": 0.190895080566406
  },
  {
    "bridge_balance_mohm": 13.0036630630493,
    "id": 475069735,
    "leak_pa": -31.2220077514648,
    "num_spikes": 3,
    "peak_deflection": 0.0,
    "post_noise_rms_mv": 0.039963636547327,
    "post_vm_mv": -73.2641677856445,
    "pre_noise_rms_mv": 0.0387346483767033,
    "pre_vm_mv": -72.9128265380859,
    "slow_noise_rms_mv": 0.159849524497986,
    "slow_vm_mv": -72.9128265380859,
    "specimen_id": 475057898,
    "stimulus_absolute_amplitude": 609.999994960475,
    "stimulus_description": "C2SSTRIPLE141203[5]",
    "stimulus_duration": 0.056995,
    "stimulus_interval": 0.027,
    "stimulus_name": "Short Square - Triple",
    "stimulus_relative_amplitude": 6.1,
    "stimulus_start_time": 2.02,
    "stimulus_units": "Amps",
    "sweep_number": 87,
    "vm_delta_mv": 0.351341247558594
  },
  {
    "bridge_balance_mohm": 13.0036630630493,
    "id": 475069649,
    "leak_pa": -24.6960983276367,
    "num_spikes": 86,
    "peak_deflection": 0.0,
    "post_noise_rms_mv": 0.0318196937441826,
    "post_vm_mv": -73.723991394043,
    "pre_noise_rms_mv": 0.0419461689889431,
    "pre_vm_mv": -74.120246887207,
    "slow_noise_rms_mv": 0.247533023357391,
    "slow_vm_mv": -74.120246887207,
    "specimen_id": 475057898,
    "stimulus_absolute_amplitude": 212.249995357183,
    "stimulus_description": "C1NSSEED_2150216[0]",
    "stimulus_duration": 18.999995,
    "stimulus_interval": 8.0,
    "stimulus_name": "Noise 2",
    "stimulus_relative_amplitude": 0.9,
    "stimulus_start_time": 2.02,
    "stimulus_units": "Amps",
    "sweep_number": 48,
    "vm_delta_mv": 0.396255493164062
  },
  {
    "bridge_balance_mohm": 13.0036630630493,
    "id": 475069637,
    "leak_pa": -23.8643627166748,
    "num_spikes": 3,
    "peak_deflection": 0.0,
    "post_noise_rms_mv": 0.0415243618190289,
    "post_vm_mv": -73.9417343139648,
    "pre_noise_rms_mv": 0.0411927625536919,
    "pre_vm_mv": -74.1706466674805,
    "slow_noise_rms_mv": 0.215044662356377,
    "slow_vm_mv": -74.1706466674805,
    "specimen_id": 475057898,
    "stimulus_absolute_amplitude": 90.0000005077395,
    "stimulus_description": "C1LSFINEST150112[0]",
    "stimulus_duration": 0.999995,
    "stimulus_interval": null,
    "stimulus_name": "Long Square",
    "stimulus_relative_amplitude": 0.9,
    "stimulus_start_time": 1.02,
    "stimulus_units": "Amps",
    "sweep_number": 43,
    "vm_delta_mv": 0.228912353515625
  },
  {
    "bridge_balance_mohm": 13.0036630630493,
    "id": 475069705,
    "leak_pa": -33.1413955688477,
    "num_spikes": 190,
    "peak_deflection": 0.0,
    "post_noise_rms_mv": 0.0381766073405743,
    "post_vm_mv": -73.4901275634766,
    "pre_noise_rms_mv": 0.0375287123024464,
    "pre_vm_mv": -74.0295333862305,
    "slow_noise_rms_mv": 0.325168430805206,
    "slow_vm_mv": -74.0295333862305,
    "specimen_id": 475057898,
    "stimulus_absolute_amplitude": 304.999997480238,
    "stimulus_description": "C2NSRMPRH2150216[0]",
    "stimulus_duration": 31.999965,
    "stimulus_interval": null,
    "stimulus_name": "Ramp to Rheobase",
    "stimulus_relative_amplitude": 0.9,
    "stimulus_start_time": 2.02003,
    "stimulus_units": "Amps",
    "sweep_number": 73,
    "vm_delta_mv": 0.539405822753906
  },
  {
    "bridge_balance_mohm": 13.0036630630493,
    "id": 475069701,
    "leak_pa": -39.603328704834,
    "num_spikes": 128,
    "peak_deflection": 0.0,
    "post_noise_rms_mv": 0.0393151976168156,
    "post_vm_mv": -75.2663269042969,
    "pre_noise_rms_mv": 0.043149396777153,
    "pre_vm_mv": -75.0695877075195,
    "slow_noise_rms_mv": 0.164003267884254,
    "slow_vm_mv": -75.0695877075195,
    "specimen_id": 475057898,
    "stimulus_absolute_amplitude": 304.999997480238,
    "stimulus_description": "C2NSRMPRH2150216[0]",
    "stimulus_duration": 31.999965,
    "stimulus_interval": null,
    "stimulus_name": "Ramp to Rheobase",
    "stimulus_relative_amplitude": 0.9,
    "stimulus_start_time": 2.02003,
    "stimulus_units": "Amps",
    "sweep_number": 71,
    "vm_delta_mv": 0.196739196777344
  },
  {
    "bridge_balance_mohm": 13.0036630630493,
    "id": 475069509,
    "leak_pa": -67.8182983398438,
    "num_spikes": null,
    "peak_deflection": 0.0,
    "post_noise_rms_mv": 0.0395816750824451,
    "post_vm_mv": -79.2460479736328,
    "pre_noise_rms_mv": 0.0480444096028805,
    "pre_vm_mv": -79.4761505126953,
    "slow_noise_rms_mv": 0.271295756101608,
    "slow_vm_mv": -79.4761505126953,
    "specimen_id": 475057898,
    "stimulus_absolute_amplitude": 400.000005340573,
    "stimulus_description": "C2SSHM80CS150112[3]",
    "stimulus_duration": 0.002995,
    "stimulus_interval": null,
    "stimulus_name": "Short Square - Hold -80mV",
    "stimulus_relative_amplitude": 1.0,
    "stimulus_start_time": 1.02,
    "stimulus_units": "Amps",
    "sweep_number": 101,
    "vm_delta_mv": 0.2301025390625
  },
  {
    "bridge_balance_mohm": 12.0268621444702,
    "id": 475069621,
    "leak_pa": -15.3550872802734,
    "num_spikes": 28,
    "peak_deflection": 0.0,
    "post_noise_rms_mv": 0.0421965904533863,
    "post_vm_mv": -73.7934036254883,
    "pre_noise_rms_mv": 0.0360832922160625,
    "pre_vm_mv": -74.2147674560547,
    "slow_noise_rms_mv": 0.113948702812195,
    "slow_vm_mv": -74.2147674560547,
    "specimen_id": 475057898,
    "stimulus_absolute_amplitude": 149.999998533268,
    "stimulus_description": "C1LSCOARSE150216[13]",
    "stimulus_duration": 0.999995,
    "stimulus_interval": null,
    "stimulus_name": "Long Square",
    "stimulus_relative_amplitude": 1.0,
    "stimulus_start_time": 1.02,
    "stimulus_units": "Amps",
    "sweep_number": 36,
    "vm_delta_mv": 0.421363830566406
  },
  {
    "bridge_balance_mohm": 12.0268621444702,
    "id": 475069609,
    "leak_pa": -6.84580945968628,
    "num_spikes": null,
    "peak_deflection": -64.40625,
    "post_noise_rms_mv": 0.0357736870646477,
    "post_vm_mv": -72.7507934570312,
    "pre_noise_rms_mv": 0.033548042178154,
    "pre_vm_mv": -72.4375076293945,
    "slow_noise_rms_mv": 0.116889484226704,
    "slow_vm_mv": -72.4375076293945,
    "specimen_id": 475057898,
    "stimulus_absolute_amplitude": 30.0000024822111,
    "stimulus_description": "C1LSCOARSE150216[7]",
    "stimulus_duration": 0.999995,
    "stimulus_interval": null,
    "stimulus_name": "Long Square",
    "stimulus_relative_amplitude": 1.0,
    "stimulus_start_time": 1.02,
    "stimulus_units": "Amps",
    "sweep_number": 30,
    "vm_delta_mv": 0.313285827636719
  },
  {
    "bridge_balance_mohm": 13.0036630630493,
    "id": 475069683,
    "leak_pa": -37.1081237792969,
    "num_spikes": 43,
    "peak_deflection": 0.0,
    "post_noise_rms_mv": 0.0414854660630226,
    "post_vm_mv": -74.6236267089844,
    "pre_noise_rms_mv": 0.0414445176720619,
    "pre_vm_mv": -74.5355072021484,
    "slow_noise_rms_mv": 0.142035305500031,
    "slow_vm_mv": -74.5355072021484,
    "specimen_id": 475057898,
    "stimulus_absolute_amplitude": 129.99999687846,
    "stimulus_description": "C2SQRHELNG150216[0]",
    "stimulus_duration": 1.999995,
    "stimulus_interval": null,
    "stimulus_name": "Square - 2s Suprathreshold",
    "stimulus_relative_amplitude": 1.3,
    "stimulus_start_time": 1.02,
    "stimulus_units": "Amps",
    "sweep_number": 63,
    "vm_delta_mv": 0.0881195068359375
  },
  {
    "bridge_balance_mohm": 11.5384616851807,
    "id": 475069579,
    "leak_pa": -3.45489430427551,
    "num_spikes": 1,
    "peak_deflection": 0.0,
    "post_noise_rms_mv": 0.0391235537827015,
    "post_vm_mv": -73.7649230957031,
    "pre_noise_rms_mv": 0.0373491086065769,
    "pre_vm_mv": -73.7927627563477,
    "slow_noise_rms_mv": 0.173634588718414,
    "slow_vm_mv": -73.7927627563477,
    "specimen_id": 475057898,
    "stimulus_absolute_amplitude": 609.999994960475,
    "stimulus_description": "C1SSFINEST150112[0]",
    "stimulus_duration": 0.002995,
    "stimulus_interval": null,
    "stimulus_name": "Short Square",
    "stimulus_relative_amplitude": 6.1,
    "stimulus_start_time": 1.02,
    "stimulus_units": "Amps",
    "sweep_number": 17,
    "vm_delta_mv": 0.0278396606445312
  },
  {
    "bridge_balance_mohm": 13.0036630630493,
    "id": 475069717,
    "leak_pa": -31.2220077514648,
    "num_spikes": 3,
    "peak_deflection": 0.0,
    "post_noise_rms_mv": 0.0366663262248039,
    "post_vm_mv": -73.6373672485352,
    "pre_noise_rms_mv": 0.041099488735199,
    "pre_vm_mv": -72.7660675048828,
    "slow_noise_rms_mv": 0.252718389034271,
    "slow_vm_mv": -72.7660675048828,
    "specimen_id": 475057898,
    "stimulus_absolute_amplitude": 609.999994960475,
    "stimulus_description": "C2SSTRIPLE141203[5]",
    "stimulus_duration": 0.056995,
    "stimulus_interval": 0.027,
    "stimulus_name": "Short Square - Triple",
    "stimulus_relative_amplitude": 6.1,
    "stimulus_start_time": 2.02,
    "stimulus_units": "Amps",
    "sweep_number": 79,
    "vm_delta_mv": 0.871299743652344
  },
  {
    "bridge_balance_mohm": 11.5384616851807,
    "id": 475069529,
    "leak_pa": 5.82213687896729,
    "num_spikes": null,
    "peak_deflection": 0.0,
    "post_noise_rms_mv": 0.0372821092605591,
    "post_vm_mv": -73.5107421875,
    "pre_noise_rms_mv": 0.0402731634676456,
    "pre_vm_mv": -73.3856430053711,
    "slow_noise_rms_mv": 0.109136514365673,
    "slow_vm_mv": -73.3856430053711,
    "specimen_id": 475057898,
    "stimulus_absolute_amplitude": 499.999985859034,
    "stimulus_description": "C1SSCOARSE150112[4]",
    "stimulus_duration": 0.002995,
    "stimulus_interval": null,
    "stimulus_name": "Short Square",
    "stimulus_relative_amplitude": 1.0,
    "stimulus_start_time": 1.02,
    "stimulus_units": "Amps",
    "sweep_number": 11,
    "vm_delta_mv": 0.125099182128906
  },
  {
    "bridge_balance_mohm": 13.0036630630493,
    "id": 475069669,
    "leak_pa": -28.2149715423584,
    "num_spikes": null,
    "peak_deflection": 0.0,
    "post_noise_rms_mv": 0.0447779186069965,
    "post_vm_mv": -71.7754211425781,
    "pre_noise_rms_mv": 0.0399784222245216,
    "pre_vm_mv": -72.5704803466797,
    "slow_noise_rms_mv": 0.26314976811409,
    "slow_vm_mv": -72.5704803466797,
    "specimen_id": 475057898,
    "stimulus_absolute_amplitude": -200.000002670286,
    "stimulus_description": "C1SQCAPCHK141203[0]",
    "stimulus_duration": 7.218495,
    "stimulus_interval": 0.2005,
    "stimulus_name": "Square - 0.5ms Subthreshold",
    "stimulus_relative_amplitude": 1.0,
    "stimulus_start_time": 0.8215,
    "stimulus_units": "Amps",
    "sweep_number": 57,
    "vm_delta_mv": 0.795059204101562
  },
  {
    "bridge_balance_mohm": 12.0268621444702,
    "id": 475069627,
    "leak_pa": -20.2815093994141,
    "num_spikes": 50,
    "peak_deflection": 0.0,
    "post_noise_rms_mv": 0.035523135215044,
    "post_vm_mv": -74.2763595581055,
    "pre_noise_rms_mv": 0.0431006327271461,
    "pre_vm_mv": -73.6214370727539,
    "slow_noise_rms_mv": 0.245139673352242,
    "slow_vm_mv": -73.6214370727539,
    "specimen_id": 475057898,
    "stimulus_absolute_amplitude": 209.999989619902,
    "stimulus_description": "C1LSCOARSE150216[16]",
    "stimulus_duration": 0.999995,
    "stimulus_interval": null,
    "stimulus_name": "Long Square",
    "stimulus_relative_amplitude": 1.0,
    "stimulus_start_time": 1.02,
    "stimulus_units": "Amps",
    "sweep_number": 39,
    "vm_delta_mv": 0.654922485351562
  },
  {
    "bridge_balance_mohm": 13.0036630630493,
    "id": 475069739,
    "leak_pa": -31.2220077514648,
    "num_spikes": 3,
    "peak_deflection": 0.0,
    "post_noise_rms_mv": 0.0398026444017887,
    "post_vm_mv": -73.3506546020508,
    "pre_noise_rms_mv": 0.0429889298975468,
    "pre_vm_mv": -73.2369613647461,
    "slow_noise_rms_mv": 0.193281546235085,
    "slow_vm_mv": -73.2369613647461,
    "specimen_id": 475057898,
    "stimulus_absolute_amplitude": 609.999994960475,
    "stimulus_description": "C2SSTRIPLE141203[7]",
    "stimulus_duration": 0.072995,
    "stimulus_interval": 0.035,
    "stimulus_name": "Short Square - Triple",
    "stimulus_relative_amplitude": 6.1,
    "stimulus_start_time": 2.02,
    "stimulus_units": "Amps",
    "sweep_number": 89,
    "vm_delta_mv": 0.113693237304688
  },
  {
    "bridge_balance_mohm": 13.0036630630493,
    "id": 475069749,
    "leak_pa": -31.2220077514648,
    "num_spikes": 3,
    "peak_deflection": 0.0,
    "post_noise_rms_mv": 0.0367539711296558,
    "post_vm_mv": -72.4219207763672,
    "pre_noise_rms_mv": 0.0420887619256973,
    "pre_vm_mv": -72.2798614501953,
    "slow_noise_rms_mv": 0.177668794989586,
    "slow_vm_mv": -72.2798614501953,
    "specimen_id": 475057898,
    "stimulus_absolute_amplitude": 609.999994960475,
    "stimulus_description": "C2SSTRIPLE141203[3]",
    "stimulus_duration": 0.040995,
    "stimulus_interval": 0.019,
    "stimulus_name": "Short Square - Triple",
    "stimulus_relative_amplitude": 6.1,
    "stimulus_start_time": 2.02,
    "stimulus_units": "Amps",
    "sweep_number": 93,
    "vm_delta_mv": 0.142059326171875
  },
  {
    "bridge_balance_mohm": 12.0268621444702,
    "id": 475069623,
    "leak_pa": -15.3550872802734,
    "num_spikes": 36,
    "peak_deflection": 0.0,
    "post_noise_rms_mv": 0.0396512895822525,
    "post_vm_mv": -73.0529632568359,
    "pre_noise_rms_mv": 0.0442304462194443,
    "pre_vm_mv": -73.8311767578125,
    "slow_noise_rms_mv": 0.150508046150208,
    "slow_vm_mv": -73.8311767578125,
    "specimen_id": 475057898,
    "stimulus_absolute_amplitude": 170.000000188075,
    "stimulus_description": "C1LSCOARSE150216[14]",
    "stimulus_duration": 0.999995,
    "stimulus_interval": null,
    "stimulus_name": "Long Square",
    "stimulus_relative_amplitude": 1.0,
    "stimulus_start_time": 1.02,
    "stimulus_units": "Amps",
    "sweep_number": 37,
    "vm_delta_mv": 0.778213500976562
  },
  {
    "bridge_balance_mohm": 13.0036630630493,
    "id": 475069755,
    "leak_pa": -31.2220077514648,
    "num_spikes": 3,
    "peak_deflection": 0.0,
    "post_noise_rms_mv": 0.030730739235878,
    "post_vm_mv": -72.5133819580078,
    "pre_noise_rms_mv": 0.0417140759527683,
    "pre_vm_mv": -72.76708984375,
    "slow_noise_rms_mv": 0.181887239217758,
    "slow_vm_mv": -72.76708984375,
    "specimen_id": 475057898,
    "stimulus_absolute_amplitude": 609.999994960475,
    "stimulus_description": "C2SSTRIPLE141203[6]",
    "stimulus_duration": 0.064995,
    "stimulus_interval": 0.031,
    "stimulus_name": "Short Square - Triple",
    "stimulus_relative_amplitude": 6.1,
    "stimulus_start_time": 2.02,
    "stimulus_units": "Amps",
    "sweep_number": 96,
    "vm_delta_mv": 0.253707885742188
  },
  {
    "bridge_balance_mohm": 13.0036630630493,
    "id": 475069561,
    "leak_pa": 15.4190654754639,
    "num_spikes": 1,
    "peak_deflection": 0.0,
    "post_noise_rms_mv": 0.0416530817747116,
    "post_vm_mv": -60.882511138916,
    "pre_noise_rms_mv": 0.0357581526041031,
    "pre_vm_mv": -60.8884658813477,
    "slow_noise_rms_mv": 0.147250086069107,
    "slow_vm_mv": -60.8884658813477,
    "specimen_id": 475057898,
    "stimulus_absolute_amplitude": 350.000001203554,
    "stimulus_description": "C2SSHM60FN150112[0]",
    "stimulus_duration": 0.002995,
    "stimulus_interval": null,
    "stimulus_name": "Short Square - Hold -60mV",
    "stimulus_relative_amplitude": 3.5,
    "stimulus_start_time": 1.02,
    "stimulus_units": "Amps",
    "sweep_number": 124,
    "vm_delta_mv": 0.00595474243164062
  },
  {
    "bridge_balance_mohm": 11.5384616851807,
    "id": 475069581,
    "leak_pa": -3.45489430427551,
    "num_spikes": 1,
    "peak_deflection": 0.0,
    "post_noise_rms_mv": 0.0425502583384514,
    "post_vm_mv": -73.667594909668,
    "pre_noise_rms_mv": 0.0420560240745544,
    "pre_vm_mv": -73.7112808227539,
    "slow_noise_rms_mv": 0.107768476009369,
    "slow_vm_mv": -73.7112808227539,
    "specimen_id": 475057898,
    "stimulus_absolute_amplitude": 609.999994960475,
    "stimulus_description": "C1SSFINEST150112[0]",
    "stimulus_duration": 0.002995,
    "stimulus_interval": null,
    "stimulus_name": "Short Square",
    "stimulus_relative_amplitude": 6.1,
    "stimulus_start_time": 1.02,
    "stimulus_units": "Amps",
    "sweep_number": 18,
    "vm_delta_mv": 0.0436859130859375
  },
  {
    "bridge_balance_mohm": 13.0036630630493,
    "id": 475069647,
    "leak_pa": -25.0159950256348,
    "num_spikes": 88,
    "peak_deflection": 0.0,
    "post_noise_rms_mv": 0.0366277955472469,
    "post_vm_mv": -72.7559585571289,
    "pre_noise_rms_mv": 0.0348761864006519,
    "pre_vm_mv": -73.297981262207,
    "slow_noise_rms_mv": 0.364322513341904,
    "slow_vm_mv": -73.297981262207,
    "specimen_id": 475057898,
    "stimulus_absolute_amplitude": 208.624992281692,
    "stimulus_description": "C1NSSEED_1150216[0]",
    "stimulus_duration": 18.999995,
    "stimulus_interval": 8.0,
    "stimulus_name": "Noise 1",
    "stimulus_relative_amplitude": 0.9,
    "stimulus_start_time": 2.02,
    "stimulus_units": "Amps",
    "sweep_number": 47,
    "vm_delta_mv": 0.542022705078125
  },
  {
    "bridge_balance_mohm": 13.0036630630493,
    "id": 475069565,
    "leak_pa": 15.4190654754639,
    "num_spikes": 0,
    "peak_deflection": 0.0,
    "post_noise_rms_mv": 0.0,
    "post_vm_mv": 0.0,
    "pre_noise_rms_mv": 0.0,
    "pre_vm_mv": 0.0,
    "slow_noise_rms_mv": 0.0,
    "slow_vm_mv": 0.0,
    "specimen_id": 475057898,
    "stimulus_absolute_amplitude": 9.99999977648258,
    "stimulus_description": "EXTPEXPEND141203[0]",
    "stimulus_duration": 0.069995,
    "stimulus_interval": 0.05,
    "stimulus_name": "Test",
    "stimulus_relative_amplitude": 1.0,
    "stimulus_start_time": 0.03,
    "stimulus_units": "Volts",
    "sweep_number": 126,
    "vm_delta_mv": 0.0
  },
  {
    "bridge_balance_mohm": 13.0036630630493,
    "id": 475069695,
    "leak_pa": -33.2693519592285,
    "num_spikes": 71,
    "peak_deflection": 0.0,
    "post_noise_rms_mv": 0.0478788949549198,
    "post_vm_mv": -73.6584320068359,
    "pre_noise_rms_mv": 0.0427008494734764,
    "pre_vm_mv": -74.1917572021484,
    "slow_noise_rms_mv": 0.196756660938263,
    "slow_vm_mv": -74.1917572021484,
    "specimen_id": 475057898,
    "stimulus_absolute_amplitude": 170.000000188075,
    "stimulus_description": "C2SQRHELNG150216[0]",
    "stimulus_duration": 1.999995,
    "stimulus_interval": null,
    "stimulus_name": "Square - 2s Suprathreshold",
    "stimulus_relative_amplitude": 1.7,
    "stimulus_start_time": 1.02,
    "stimulus_units": "Amps",
    "sweep_number": 69,
    "vm_delta_mv": 0.5333251953125
  },
  {
    "bridge_balance_mohm": 12.0268621444702,
    "id": 475069631,
    "leak_pa": -24.8880367279053,
    "num_spikes": 55,
    "peak_deflection": 0.0,
    "post_noise_rms_mv": 0.0410104766488075,
    "post_vm_mv": -73.9537734985352,
    "pre_noise_rms_mv": 0.0403087623417377,
    "pre_vm_mv": -74.1044082641602,
    "slow_noise_rms_mv": 0.184261307120323,
    "slow_vm_mv": -74.1044082641602,
    "specimen_id": 475057898,
    "stimulus_absolute_amplitude": 230.000005152498,
    "stimulus_description": "C1LSCOARSE150216[17]",
    "stimulus_duration": 0.999995,
    "stimulus_interval": null,
    "stimulus_name": "Long Square",
    "stimulus_relative_amplitude": 1.0,
    "stimulus_start_time": 1.02,
    "stimulus_units": "Amps",
    "sweep_number": 40,
    "vm_delta_mv": 0.150634765625
  },
  {
    "bridge_balance_mohm": 13.0036630630493,
    "id": 475069727,
    "leak_pa": -31.2220077514648,
    "num_spikes": 3,
    "peak_deflection": 0.0,
    "post_noise_rms_mv": 0.0406820252537727,
    "post_vm_mv": -73.5083923339844,
    "pre_noise_rms_mv": 0.0382470786571503,
    "pre_vm_mv": -73.3185501098633,
    "slow_noise_rms_mv": 0.1408421844244,
    "slow_vm_mv": -73.3185501098633,
    "specimen_id": 475057898,
    "stimulus_absolute_amplitude": 609.999994960475,
    "stimulus_description": "C2SSTRIPLE141203[1]",
    "stimulus_duration": 0.024995,
    "stimulus_interval": 0.011,
    "stimulus_name": "Short Square - Triple",
    "stimulus_relative_amplitude": 6.1,
    "stimulus_start_time": 2.02,
    "stimulus_units": "Amps",
    "sweep_number": 83,
    "vm_delta_mv": 0.189842224121094
  },
  {
    "bridge_balance_mohm": 13.0036630630493,
    "id": 475069535,
    "leak_pa": 7.29366588592529,
    "num_spikes": null,
    "peak_deflection": 0.0,
    "post_noise_rms_mv": 0.0394634790718555,
    "post_vm_mv": -62.5982284545898,
    "pre_noise_rms_mv": 0.0420367270708084,
    "pre_vm_mv": -62.0125885009766,
    "slow_noise_rms_mv": 0.289817661046982,
    "slow_vm_mv": -62.0125885009766,
    "specimen_id": 475057898,
    "stimulus_absolute_amplitude": 100.000001335143,
    "stimulus_description": "C2SSHM60CS150112[0]",
    "stimulus_duration": 0.002995,
    "stimulus_interval": null,
    "stimulus_name": "Short Square - Hold -60mV",
    "stimulus_relative_amplitude": 1.0,
    "stimulus_start_time": 1.02,
    "stimulus_units": "Amps",
    "sweep_number": 112,
    "vm_delta_mv": 0.585639953613281
  },
  {
    "bridge_balance_mohm": 12.0268621444702,
    "id": 475069601,
    "leak_pa": -6.84580945968628,
    "num_spikes": null,
    "peak_deflection": -80.1875076293945,
    "post_noise_rms_mv": 0.0391442403197289,
    "post_vm_mv": -72.8589630126953,
    "pre_noise_rms_mv": 0.0389026440680027,
    "pre_vm_mv": -73.1144027709961,
    "slow_noise_rms_mv": 0.105338983237743,
    "slow_vm_mv": -73.1144027709961,
    "specimen_id": 475057898,
    "stimulus_absolute_amplitude": -30.0000024822111,
    "stimulus_description": "C1LSCOARSE150216[4]",
    "stimulus_duration": 0.999995,
    "stimulus_interval": null,
    "stimulus_name": "Long Square",
    "stimulus_relative_amplitude": 1.0,
    "stimulus_start_time": 1.02,
    "stimulus_units": "Amps",
    "sweep_number": 27,
    "vm_delta_mv": 0.255439758300781
  },
  {
    "bridge_balance_mohm": 13.0036630630493,
    "id": 475069671,
    "leak_pa": -38.7715950012207,
    "num_spikes": 3,
    "peak_deflection": 0.0,
    "post_noise_rms_mv": 0.0432519689202309,
    "post_vm_mv": -74.0406951904297,
    "pre_noise_rms_mv": 0.040238119661808,
    "pre_vm_mv": -73.9652481079102,
    "slow_noise_rms_mv": 0.28195059299469,
    "slow_vm_mv": -73.9652481079102,
    "specimen_id": 475057898,
    "stimulus_absolute_amplitude": 90.0000005077395,
    "stimulus_description": "C1LSFINEST150112[0]",
    "stimulus_duration": 0.999995,
    "stimulus_interval": null,
    "stimulus_name": "Long Square",
    "stimulus_relative_amplitude": 0.9,
    "stimulus_start_time": 1.02,
    "stimulus_units": "Amps",
    "sweep_number": 58,
    "vm_delta_mv": 0.0754470825195312
  },
  {
    "bridge_balance_mohm": 11.5384616851807,
    "id": 475069675,
    "leak_pa": 0.0,
    "num_spikes": 32,
    "peak_deflection": 0.0,
    "post_noise_rms_mv": 0.0,
    "post_vm_mv": 0.0,
    "pre_noise_rms_mv": 0.0373838730156422,
    "pre_vm_mv": -73.8571090698242,
    "slow_noise_rms_mv": 0.236549854278564,
    "slow_vm_mv": -73.8571090698242,
    "specimen_id": 475057898,
    "stimulus_absolute_amplitude": 800.000010681146,
    "stimulus_description": "C1RP25PR1S141203[0]",
    "stimulus_duration": 31.997495,
    "stimulus_interval": null,
    "stimulus_name": "Ramp",
    "stimulus_relative_amplitude": 1.0,
    "stimulus_start_time": 1.0225,
    "stimulus_units": "Amps",
    "sweep_number": 6,
    "vm_delta_mv": 0.0
  },
  {
    "bridge_balance_mohm": 13.0036630630493,
    "id": 475069507,
    "leak_pa": -67.8182983398438,
    "num_spikes": null,
    "peak_deflection": 0.0,
    "post_noise_rms_mv": 0.0349948443472385,
    "post_vm_mv": -79.4629745483398,
    "pre_noise_rms_mv": 0.0427971668541431,
    "pre_vm_mv": -79.3693237304688,
    "slow_noise_rms_mv": 0.17130845785141,
    "slow_vm_mv": -79.3693237304688,
    "specimen_id": 475057898,
    "stimulus_absolute_amplitude": 299.999997066536,
    "stimulus_description": "C2SSHM80CS150112[2]",
    "stimulus_duration": 0.002995,
    "stimulus_interval": null,
    "stimulus_name": "Short Square - Hold -80mV",
    "stimulus_relative_amplitude": 1.0,
    "stimulus_start_time": 1.02,
    "stimulus_units": "Amps",
    "sweep_number": 100,
    "vm_delta_mv": 0.0936508178710938
  },
  {
    "bridge_balance_mohm": 11.5384616851807,
    "id": 475069583,
    "leak_pa": -4.990403175354,
    "num_spikes": 1,
    "peak_deflection": 0.0,
    "post_noise_rms_mv": 0.0382633879780769,
    "post_vm_mv": -73.3929595947266,
    "pre_noise_rms_mv": 0.0426666587591171,
    "pre_vm_mv": -74.1058349609375,
    "slow_noise_rms_mv": 0.108560152351856,
    "slow_vm_mv": -74.1058349609375,
    "specimen_id": 475057898,
    "stimulus_absolute_amplitude": 609.999994960475,
    "stimulus_description": "C1SSFINEST150112[0]",
    "stimulus_duration": 0.002995,
    "stimulus_interval": null,
    "stimulus_name": "Short Square",
    "stimulus_relative_amplitude": 6.1,
    "stimulus_start_time": 1.02,
    "stimulus_units": "Amps",
    "sweep_number": 19,
    "vm_delta_mv": 0.712875366210938
  },
  {
    "bridge_balance_mohm": 13.0036630630493,
    "id": 475069753,
    "leak_pa": -31.2220077514648,
    "num_spikes": 3,
    "peak_deflection": 0.0,
    "post_noise_rms_mv": 0.0417820028960705,
    "post_vm_mv": -72.6966094970703,
    "pre_noise_rms_mv": 0.0374443717300892,
    "pre_vm_mv": -72.2145690917969,
    "slow_noise_rms_mv": 0.171613544225693,
    "slow_vm_mv": -72.2145690917969,
    "specimen_id": 475057898,
    "stimulus_absolute_amplitude": 609.999994960475,
    "stimulus_description": "C2SSTRIPLE141203[5]",
    "stimulus_duration": 0.056995,
    "stimulus_interval": 0.027,
    "stimulus_name": "Short Square - Triple",
    "stimulus_relative_amplitude": 6.1,
    "stimulus_start_time": 2.02,
    "stimulus_units": "Amps",
    "sweep_number": 95,
    "vm_delta_mv": 0.482040405273438
  },
  {
    "bridge_balance_mohm": 13.0036630630493,
    "id": 475069549,
    "leak_pa": 14.2034549713135,
    "num_spikes": null,
    "peak_deflection": 0.0,
    "post_noise_rms_mv": 0.0375068709254265,
    "post_vm_mv": -61.2860794067383,
    "pre_noise_rms_mv": 0.0372236147522926,
    "pre_vm_mv": -61.1135292053223,
    "slow_noise_rms_mv": 0.188117682933807,
    "slow_vm_mv": -61.1135292053223,
    "specimen_id": 475057898,
    "stimulus_absolute_amplitude": 329.999999548747,
    "stimulus_description": "C2SSHM60FN150112[0]",
    "stimulus_duration": 0.002995,
    "stimulus_interval": null,
    "stimulus_name": "Short Square - Hold -60mV",
    "stimulus_relative_amplitude": 3.3,
    "stimulus_start_time": 1.02,
    "stimulus_units": "Amps",
    "sweep_number": 119,
    "vm_delta_mv": 0.172550201416016
  },
  {
    "bridge_balance_mohm": 0.0,
    "id": 475069569,
    "leak_pa": 0.0,
    "num_spikes": null,
    "peak_deflection": 0.0,
    "post_noise_rms_mv": 0.0415282435715199,
    "post_vm_mv": 3.8056538105011,
    "pre_noise_rms_mv": 0.0370786152780056,
    "pre_vm_mv": 3.80336356163025,
    "slow_noise_rms_mv": 0.0437588281929493,
    "slow_vm_mv": 3.80336356163025,
    "specimen_id": 475057898,
    "stimulus_absolute_amplitude": 0.0,
    "stimulus_description": "EXTPBLWOUT141203[0]",
    "stimulus_duration": 0.0,
    "stimulus_interval": null,
    "stimulus_name": "Test",
    "stimulus_relative_amplitude": 1.0,
    "stimulus_start_time": 0.0,
    "stimulus_units": "Amps",
    "sweep_number": 128,
    "vm_delta_mv": 0.00229024887084961
  },
  {
    "bridge_balance_mohm": 13.0036630630493,
    "id": 475069651,
    "leak_pa": -26.4875240325928,
    "num_spikes": 76,
    "peak_deflection": 0.0,
    "post_noise_rms_mv": 0.0434122979640961,
    "post_vm_mv": -74.7798385620117,
    "pre_noise_rms_mv": 0.0402300581336021,
    "pre_vm_mv": -74.4904174804688,
    "slow_noise_rms_mv": 0.207357138395309,
    "slow_vm_mv": -74.4904174804688,
    "specimen_id": 475057898,
    "stimulus_absolute_amplitude": 208.624992281692,
    "stimulus_description": "C1NSSEED_1150216[0]",
    "stimulus_duration": 18.999995,
    "stimulus_interval": 8.0,
    "stimulus_name": "Noise 1",
    "stimulus_relative_amplitude": 0.9,
    "stimulus_start_time": 2.02,
    "stimulus_units": "Amps",
    "sweep_number": 49,
    "vm_delta_mv": 0.289421081542969
  },
  {
    "bridge_balance_mohm": 13.0036630630493,
    "id": 475069515,
    "leak_pa": -67.8182983398438,
    "num_spikes": null,
    "peak_deflection": 0.0,
    "post_noise_rms_mv": 0.0431575812399387,
    "post_vm_mv": -79.8442916870117,
    "pre_noise_rms_mv": 0.0402047224342823,
    "pre_vm_mv": -79.76513671875,
    "slow_noise_rms_mv": 0.17626017332077,
    "slow_vm_mv": -79.76513671875,
    "specimen_id": 475057898,
    "stimulus_absolute_amplitude": 599.999994133071,
    "stimulus_description": "C2SSHM80CS150112[5]",
    "stimulus_duration": 0.002995,
    "stimulus_interval": null,
    "stimulus_name": "Short Square - Hold -80mV",
    "stimulus_relative_amplitude": 1.0,
    "stimulus_start_time": 1.02,
    "stimulus_units": "Amps",
    "sweep_number": 103,
    "vm_delta_mv": 0.0791549682617188
  },
  {
    "bridge_balance_mohm": 13.0036630630493,
    "id": 475069635,
    "leak_pa": -27.5111961364746,
    "num_spikes": 8,
    "peak_deflection": 0.0,
    "post_noise_rms_mv": 0.0396996736526489,
    "post_vm_mv": -74.6989517211914,
    "pre_noise_rms_mv": 0.0411296263337135,
    "pre_vm_mv": -74.0916442871094,
    "slow_noise_rms_mv": 0.267272144556046,
    "slow_vm_mv": -74.0916442871094,
    "specimen_id": 475057898,
    "stimulus_absolute_amplitude": 100.000001335143,
    "stimulus_description": "C1LSFINEST150112[0]",
    "stimulus_duration": 0.999995,
    "stimulus_interval": null,
    "stimulus_name": "Long Square",
    "stimulus_relative_amplitude": 1.0,
    "stimulus_start_time": 1.02,
    "stimulus_units": "Amps",
    "sweep_number": 42,
    "vm_delta_mv": 0.607307434082031
  },
  {
    "bridge_balance_mohm": 12.0268621444702,
    "id": 475069603,
    "leak_pa": -6.84580945968628,
    "num_spikes": null,
    "peak_deflection": -76.0937576293945,
    "post_noise_rms_mv": 0.0366949141025543,
    "post_vm_mv": -72.6913146972656,
    "pre_noise_rms_mv": 0.0400208458304405,
    "pre_vm_mv": -73.3061141967773,
    "slow_noise_rms_mv": 0.154124721884727,
    "slow_vm_mv": -73.3061141967773,
    "specimen_id": 475057898,
    "stimulus_absolute_amplitude": -9.99999996004197,
    "stimulus_description": "C1LSCOARSE150216[5]",
    "stimulus_duration": 0.999995,
    "stimulus_interval": null,
    "stimulus_name": "Long Square",
    "stimulus_relative_amplitude": 1.0,
    "stimulus_start_time": 1.02,
    "stimulus_units": "Amps",
    "sweep_number": 28,
    "vm_delta_mv": 0.614799499511719
  },
  {
    "bridge_balance_mohm": 12.0268621444702,
    "id": 475069597,
    "leak_pa": -6.84580945968628,
    "num_spikes": null,
    "peak_deflection": -88.6875,
    "post_noise_rms_mv": 0.0406395345926285,
    "post_vm_mv": -73.1471557617188,
    "pre_noise_rms_mv": 0.0423645526170731,
    "pre_vm_mv": -73.2413787841797,
    "slow_noise_rms_mv": 0.170325174927711,
    "slow_vm_mv": -73.2413787841797,
    "specimen_id": 475057898,
    "stimulus_absolute_amplitude": -69.9999988529321,
    "stimulus_description": "C1LSCOARSE150216[2]",
    "stimulus_duration": 0.999995,
    "stimulus_interval": null,
    "stimulus_name": "Long Square",
    "stimulus_relative_amplitude": 1.0,
    "stimulus_start_time": 1.02,
    "stimulus_units": "Amps",
    "sweep_number": 25,
    "vm_delta_mv": 0.0942230224609375
  },
  {
    "bridge_balance_mohm": 0.0,
    "id": 475069501,
    "leak_pa": 0.0,
    "num_spikes": 0,
    "peak_deflection": 0.0,
    "post_noise_rms_mv": 0.0,
    "post_vm_mv": 0.0,
    "pre_noise_rms_mv": 0.0,
    "pre_vm_mv": 0.0,
    "slow_noise_rms_mv": 0.0,
    "slow_vm_mv": 0.0,
    "specimen_id": 475057898,
    "stimulus_absolute_amplitude": 9.99999977648258,
    "stimulus_description": "EXTPSMOKET141203[0]",
    "stimulus_duration": 0.069995,
    "stimulus_interval": 0.05,
    "stimulus_name": "Test",
    "stimulus_relative_amplitude": 1.0,
    "stimulus_start_time": 0.03,
    "stimulus_units": "Volts",
    "sweep_number": 0,
    "vm_delta_mv": 0.0
  },
  {
    "bridge_balance_mohm": 13.0036630630493,
    "id": 475069733,
    "leak_pa": -31.2220077514648,
    "num_spikes": 3,
    "peak_deflection": 0.0,
    "post_noise_rms_mv": 0.0420134887099266,
    "post_vm_mv": -73.4508514404297,
    "pre_noise_rms_mv": 0.0401681810617447,
    "pre_vm_mv": -73.4532470703125,
    "slow_noise_rms_mv": 0.135566994547844,
    "slow_vm_mv": -73.4532470703125,
    "specimen_id": 475057898,
    "stimulus_absolute_amplitude": 609.999994960475,
    "stimulus_description": "C2SSTRIPLE141203[4]",
    "stimulus_duration": 0.048995,
    "stimulus_interval": 0.023,
    "stimulus_name": "Short Square - Triple",
    "stimulus_relative_amplitude": 6.1,
    "stimulus_start_time": 2.02,
    "stimulus_units": "Amps",
    "sweep_number": 86,
    "vm_delta_mv": 0.0023956298828125
  },
  {
    "bridge_balance_mohm": 11.5384616851807,
    "id": 475069591,
    "leak_pa": -8.25335884094238,
    "num_spikes": 1,
    "peak_deflection": 0.0,
    "post_noise_rms_mv": 0.0443483553826809,
    "post_vm_mv": -73.3770904541016,
    "pre_noise_rms_mv": 0.0392375625669956,
    "pre_vm_mv": -73.714729309082,
    "slow_noise_rms_mv": 0.33146944642067,
    "slow_vm_mv": -73.714729309082,
    "specimen_id": 475057898,
    "stimulus_absolute_amplitude": 609.999994960475,
    "stimulus_description": "C1SSFINEST150112[0]",
    "stimulus_duration": 0.002995,
    "stimulus_interval": null,
    "stimulus_name": "Short Square",
    "stimulus_relative_amplitude": 6.1,
    "stimulus_start_time": 1.02,
    "stimulus_units": "Amps",
    "sweep_number": 22,
    "vm_delta_mv": 0.337638854980469
  },
  {
    "bridge_balance_mohm": 13.0036630630493,
    "id": 475069761,
    "leak_pa": -67.8182983398438,
    "num_spikes": null,
    "peak_deflection": 0.0,
    "post_noise_rms_mv": 0.0424923896789551,
    "post_vm_mv": -79.0900726318359,
    "pre_noise_rms_mv": 0.0441691502928734,
    "pre_vm_mv": -79.4346771240234,
    "slow_noise_rms_mv": 0.29977148771286,
    "slow_vm_mv": -79.4346771240234,
    "specimen_id": 475057898,
    "stimulus_absolute_amplitude": 200.000002670286,
    "stimulus_description": "C2SSHM80CS150112[1]",
    "stimulus_duration": 0.002995,
    "stimulus_interval": null,
    "stimulus_name": "Short Square - Hold -80mV",
    "stimulus_relative_amplitude": 1.0,
    "stimulus_start_time": 1.02,
    "stimulus_units": "Amps",
    "sweep_number": 99,
    "vm_delta_mv": 0.3446044921875
  },
  {
    "bridge_balance_mohm": 11.5384616851807,
    "id": 475069505,
    "leak_pa": 2.87907862663269,
    "num_spikes": null,
    "peak_deflection": 0.0,
    "post_noise_rms_mv": 0.0417430028319359,
    "post_vm_mv": -74.0759353637695,
    "pre_noise_rms_mv": 0.0413176231086254,
    "pre_vm_mv": -74.1159286499023,
    "slow_noise_rms_mv": 0.166976600885391,
    "slow_vm_mv": -74.1159286499023,
    "specimen_id": 475057898,
    "stimulus_absolute_amplitude": 400.000005340573,
    "stimulus_description": "C1SSCOARSE150112[3]",
    "stimulus_duration": 0.002995,
    "stimulus_interval": null,
    "stimulus_name": "Short Square",
    "stimulus_relative_amplitude": 1.0,
    "stimulus_start_time": 1.02,
    "stimulus_units": "Amps",
    "sweep_number": 10,
    "vm_delta_mv": 0.0399932861328125
  },
  {
    "bridge_balance_mohm": 13.0036630630493,
    "id": 475069743,
    "leak_pa": -31.2220077514648,
    "num_spikes": 3,
    "peak_deflection": 0.0,
    "post_noise_rms_mv": 0.0368049070239067,
    "post_vm_mv": -72.7625885009766,
    "pre_noise_rms_mv": 0.0422121547162533,
    "pre_vm_mv": -72.1681137084961,
    "slow_noise_rms_mv": 0.151602983474731,
    "slow_vm_mv": -72.1681137084961,
    "specimen_id": 475057898,
    "stimulus_absolute_amplitude": 609.999994960475,
    "stimulus_description": "C2SSTRIPLE141203[0]",
    "stimulus_duration": 0.016995,
    "stimulus_interval": 0.007,
    "stimulus_name": "Short Square - Triple",
    "stimulus_relative_amplitude": 6.1,
    "stimulus_start_time": 2.02,
    "stimulus_units": "Amps",
    "sweep_number": 90,
    "vm_delta_mv": 0.594474792480469
  },
  {
    "bridge_balance_mohm": 13.0036630630493,
    "id": 475069707,
    "leak_pa": -34.4209861755371,
    "num_spikes": 2,
    "peak_deflection": 0.0,
    "post_noise_rms_mv": 0.0373596921563148,
    "post_vm_mv": -73.6974182128906,
    "pre_noise_rms_mv": 0.0401480346918106,
    "pre_vm_mv": -73.9776611328125,
    "slow_noise_rms_mv": 0.179959520697594,
    "slow_vm_mv": -73.9776611328125,
    "specimen_id": 475057898,
    "stimulus_absolute_amplitude": 609.999994960475,
    "stimulus_description": "C2SSTRIPLE141203[0]",
    "stimulus_duration": 0.016995,
    "stimulus_interval": 0.007,
    "stimulus_name": "Short Square - Triple",
    "stimulus_relative_amplitude": 6.1,
    "stimulus_start_time": 2.02,
    "stimulus_units": "Amps",
    "sweep_number": 74,
    "vm_delta_mv": 0.280242919921875
  },
  {
    "bridge_balance_mohm": 13.0036630630493,
    "id": 475069679,
    "leak_pa": -32.5015983581543,
    "num_spikes": 7,
    "peak_deflection": 0.0,
    "post_noise_rms_mv": 0.0432766266167164,
    "post_vm_mv": -73.9795379638672,
    "pre_noise_rms_mv": 0.0375236719846725,
    "pre_vm_mv": -73.7605667114258,
    "slow_noise_rms_mv": 0.288255214691162,
    "slow_vm_mv": -73.7605667114258,
    "specimen_id": 475057898,
    "stimulus_absolute_amplitude": 90.0000005077395,
    "stimulus_description": "C2SQRHELNG150216[0]",
    "stimulus_duration": 1.999995,
    "stimulus_interval": null,
    "stimulus_name": "Square - 2s Suprathreshold",
    "stimulus_relative_amplitude": 0.9,
    "stimulus_start_time": 1.02,
    "stimulus_units": "Amps",
    "sweep_number": 61,
    "vm_delta_mv": 0.218971252441406
  },
  {
    "bridge_balance_mohm": 13.0036630630493,
    "id": 475069711,
    "leak_pa": -31.2220077514648,
    "num_spikes": 3,
    "peak_deflection": 0.0,
    "post_noise_rms_mv": 0.0386344827711582,
    "post_vm_mv": -72.8581314086914,
    "pre_noise_rms_mv": 0.0428954213857651,
    "pre_vm_mv": -73.2071533203125,
    "slow_noise_rms_mv": 0.155291154980659,
    "slow_vm_mv": -73.2071533203125,
    "specimen_id": 475057898,
    "stimulus_absolute_amplitude": 609.999994960475,
    "stimulus_description": "C2SSTRIPLE141203[2]",
    "stimulus_duration": 0.032995,
    "stimulus_interval": 0.015,
    "stimulus_name": "Short Square - Triple",
    "stimulus_relative_amplitude": 6.1,
    "stimulus_start_time": 2.02,
    "stimulus_units": "Amps",
    "sweep_number": 76,
    "vm_delta_mv": 0.349021911621094
  },
  {
    "bridge_balance_mohm": 0.0,
    "id": 475069503,
    "leak_pa": 0.0,
    "num_spikes": 0,
    "peak_deflection": 0.0,
    "post_noise_rms_mv": 0.0,
    "post_vm_mv": 0.0,
    "pre_noise_rms_mv": 0.0,
    "pre_vm_mv": 0.0,
    "slow_noise_rms_mv": 0.0,
    "slow_vm_mv": 0.0,
    "specimen_id": 475057898,
    "stimulus_absolute_amplitude": 9.99999977648258,
    "stimulus_description": "EXTPINBATH141203[0]",
    "stimulus_duration": 0.069995,
    "stimulus_interval": 0.05,
    "stimulus_name": "Test",
    "stimulus_relative_amplitude": 1.0,
    "stimulus_start_time": 0.03,
    "stimulus_units": "Volts",
    "sweep_number": 1,
    "vm_delta_mv": 0.0
  },
  {
    "bridge_balance_mohm": 13.0036630630493,
    "id": 475069713,
    "leak_pa": -31.2220077514648,
    "num_spikes": 3,
    "peak_deflection": 0.0,
    "post_noise_rms_mv": 0.0440559200942516,
    "post_vm_mv": -73.2379150390625,
    "pre_noise_rms_mv": 0.0459339804947376,
    "pre_vm_mv": -72.8898010253906,
    "slow_noise_rms_mv": 0.207616329193115,
    "slow_vm_mv": -72.8898010253906,
    "specimen_id": 475057898,
    "stimulus_absolute_amplitude": 609.999994960475,
    "stimulus_description": "C2SSTRIPLE141203[3]",
    "stimulus_duration": 0.040995,
    "stimulus_interval": 0.019,
    "stimulus_name": "Short Square - Triple",
    "stimulus_relative_amplitude": 6.1,
    "stimulus_start_time": 2.02,
    "stimulus_units": "Amps",
    "sweep_number": 77,
    "vm_delta_mv": 0.348114013671875
  },
  {
    "bridge_balance_mohm": 11.5384616851807,
    "id": 475069629,
    "leak_pa": 0.0,
    "num_spikes": 24,
    "peak_deflection": 0.0,
    "post_noise_rms_mv": 0.0,
    "post_vm_mv": 0.0,
    "pre_noise_rms_mv": 0.0437481664121151,
    "pre_vm_mv": -74.9261016845703,
    "slow_noise_rms_mv": 0.151235461235046,
    "slow_vm_mv": -74.9261016845703,
    "specimen_id": 475057898,
    "stimulus_absolute_amplitude": 800.000010681146,
    "stimulus_description": "C1RP25PR1S141203[0]",
    "stimulus_duration": 31.997495,
    "stimulus_interval": null,
    "stimulus_name": "Ramp",
    "stimulus_relative_amplitude": 1.0,
    "stimulus_start_time": 1.0225,
    "stimulus_units": "Amps",
    "sweep_number": 4,
    "vm_delta_mv": 0.0
  },
  {
    "bridge_balance_mohm": 13.0036630630493,
    "id": 475069747,
    "leak_pa": -31.2220077514648,
    "num_spikes": 3,
    "peak_deflection": 0.0,
    "post_noise_rms_mv": 0.0374322235584259,
    "post_vm_mv": -72.7977066040039,
    "pre_noise_rms_mv": 0.040858868509531,
    "pre_vm_mv": -72.0790786743164,
    "slow_noise_rms_mv": 0.153694435954094,
    "slow_vm_mv": -72.0790786743164,
    "specimen_id": 475057898,
    "stimulus_absolute_amplitude": 609.999994960475,
    "stimulus_description": "C2SSTRIPLE141203[2]",
    "stimulus_duration": 0.032995,
    "stimulus_interval": 0.015,
    "stimulus_name": "Short Square - Triple",
    "stimulus_relative_amplitude": 6.1,
    "stimulus_start_time": 2.02,
    "stimulus_units": "Amps",
    "sweep_number": 92,
    "vm_delta_mv": 0.7186279296875
  },
  {
    "bridge_balance_mohm": 13.0036630630493,
    "id": 475069533,
    "leak_pa": -80.8061370849609,
    "num_spikes": 1,
    "peak_deflection": 0.0,
    "post_noise_rms_mv": 0.041590727865696,
    "post_vm_mv": -80.2245178222656,
    "pre_noise_rms_mv": 0.0353091843426228,
    "pre_vm_mv": -80.2310333251953,
    "slow_noise_rms_mv": 0.205688327550888,
    "slow_vm_mv": -80.2310333251953,
    "specimen_id": 475057898,
    "stimulus_absolute_amplitude": 770.000008198934,
    "stimulus_description": "C2SSHM80FN150112[0]",
    "stimulus_duration": 0.002995,
    "stimulus_interval": null,
    "stimulus_name": "Short Square - Hold -80mV",
    "stimulus_relative_amplitude": 7.7,
    "stimulus_start_time": 1.02,
    "stimulus_units": "Amps",
    "sweep_number": 111,
    "vm_delta_mv": 0.0065155029296875
  },
  {
    "bridge_balance_mohm": 13.0036630630493,
    "id": 475069527,
    "leak_pa": -80.7421646118164,
    "num_spikes": 1,
    "peak_deflection": 0.0,
    "post_noise_rms_mv": 0.0418961681425571,
    "post_vm_mv": -80.6528778076172,
    "pre_noise_rms_mv": 0.0412537939846516,
    "pre_vm_mv": -80.4979248046875,
    "slow_noise_rms_mv": 0.252161473035812,
    "slow_vm_mv": -80.4979248046875,
    "specimen_id": 475057898,
    "stimulus_absolute_amplitude": 770.000008198934,
    "stimulus_description": "C2SSHM80FN150112[0]",
    "stimulus_duration": 0.002995,
    "stimulus_interval": null,
    "stimulus_name": "Short Square - Hold -80mV",
    "stimulus_relative_amplitude": 7.7,
    "stimulus_start_time": 1.02,
    "stimulus_units": "Amps",
    "sweep_number": 109,
    "vm_delta_mv": 0.154953002929688
  },
  {
    "bridge_balance_mohm": 0.0,
    "id": 475069607,
    "leak_pa": 0.0,
    "num_spikes": 0,
    "peak_deflection": 0.0,
    "post_noise_rms_mv": 0.0,
    "post_vm_mv": 0.0,
    "pre_noise_rms_mv": 0.0,
    "pre_vm_mv": 0.0,
    "slow_noise_rms_mv": 0.0,
    "slow_vm_mv": 0.0,
    "specimen_id": 475057898,
    "stimulus_absolute_amplitude": 9.99999977648258,
    "stimulus_description": "EXTPBREAKN141203[0]",
    "stimulus_duration": 0.069995,
    "stimulus_interval": 0.05,
    "stimulus_name": "Test",
    "stimulus_relative_amplitude": 1.0,
    "stimulus_start_time": 0.03,
    "stimulus_units": "Volts",
    "sweep_number": 3,
    "vm_delta_mv": 0.0
  },
  {
    "bridge_balance_mohm": 11.5384616851807,
    "id": 475069571,
    "leak_pa": 1.72744715213776,
    "num_spikes": null,
    "peak_deflection": 0.0,
    "post_noise_rms_mv": 0.0311026927083731,
    "post_vm_mv": -73.9177856445312,
    "pre_noise_rms_mv": 0.0397058762609959,
    "pre_vm_mv": -73.870849609375,
    "slow_noise_rms_mv": 0.0954127088189125,
    "slow_vm_mv": -73.870849609375,
    "specimen_id": 475057898,
    "stimulus_absolute_amplitude": 549.999989996053,
    "stimulus_description": "C1SSFINEST150112[0]",
    "stimulus_duration": 0.002995,
    "stimulus_interval": null,
    "stimulus_name": "Short Square",
    "stimulus_relative_amplitude": 5.5,
    "stimulus_start_time": 1.02,
    "stimulus_units": "Amps",
    "sweep_number": 13,
    "vm_delta_mv": 0.04693603515625
  },
  {
    "bridge_balance_mohm": 13.0036630630493,
    "id": 475069547,
    "leak_pa": 11.0684576034546,
    "num_spikes": null,
    "peak_deflection": 0.0,
    "post_noise_rms_mv": 0.0400605536997318,
    "post_vm_mv": -61.3922691345215,
    "pre_noise_rms_mv": 0.0399558059871197,
    "pre_vm_mv": -61.205680847168,
    "slow_noise_rms_mv": 0.19648864865303,
    "slow_vm_mv": -61.205680847168,
    "specimen_id": 475057898,
    "stimulus_absolute_amplitude": 319.999998721343,
    "stimulus_description": "C2SSHM60FN150112[0]",
    "stimulus_duration": 0.002995,
    "stimulus_interval": null,
    "stimulus_name": "Short Square - Hold -60mV",
    "stimulus_relative_amplitude": 3.2,
    "stimulus_start_time": 1.02,
    "stimulus_units": "Amps",
    "sweep_number": 118,
    "vm_delta_mv": 0.186588287353516
  },
  {
    "bridge_balance_mohm": 13.0036630630493,
    "id": 475069523,
    "leak_pa": -74.9840087890625,
    "num_spikes": 1,
    "peak_deflection": 0.0,
    "post_noise_rms_mv": 0.0396906733512878,
    "post_vm_mv": -79.8177642822266,
    "pre_noise_rms_mv": 0.0422612205147743,
    "pre_vm_mv": -79.6486053466797,
    "slow_noise_rms_mv": 0.221289351582527,
    "slow_vm_mv": -79.6486053466797,
    "specimen_id": 475057898,
    "stimulus_absolute_amplitude": 770.000008198934,
    "stimulus_description": "C2SSHM80FN150112[0]",
    "stimulus_duration": 0.002995,
    "stimulus_interval": null,
    "stimulus_name": "Short Square - Hold -80mV",
    "stimulus_relative_amplitude": 7.7,
    "stimulus_start_time": 1.02,
    "stimulus_units": "Amps",
    "sweep_number": 107,
    "vm_delta_mv": 0.169158935546875
  },
  {
    "bridge_balance_mohm": 11.5384616851807,
    "id": 475069577,
    "leak_pa": -0.511836230754852,
    "num_spikes": null,
    "peak_deflection": 0.0,
    "post_noise_rms_mv": 0.0419837944209576,
    "post_vm_mv": -73.1813583374023,
    "pre_noise_rms_mv": 0.043560117483139,
    "pre_vm_mv": -73.2417221069336,
    "slow_noise_rms_mv": 0.133868977427483,
    "slow_vm_mv": -73.2417221069336,
    "specimen_id": 475057898,
    "stimulus_absolute_amplitude": 599.999994133071,
    "stimulus_description": "C1SSFINEST150112[0]",
    "stimulus_duration": 0.002995,
    "stimulus_interval": null,
    "stimulus_name": "Short Square",
    "stimulus_relative_amplitude": 6.0,
    "stimulus_start_time": 1.02,
    "stimulus_units": "Amps",
    "sweep_number": 16,
    "vm_delta_mv": 0.06036376953125
  },
  {
    "bridge_balance_mohm": 0.0,
    "id": 475069585,
    "leak_pa": 0.0,
    "num_spikes": 0,
    "peak_deflection": 0.0,
    "post_noise_rms_mv": 0.0,
    "post_vm_mv": 0.0,
    "pre_noise_rms_mv": 0.0,
    "pre_vm_mv": 0.0,
    "slow_noise_rms_mv": 0.0,
    "slow_vm_mv": 0.0,
    "specimen_id": 475057898,
    "stimulus_absolute_amplitude": 9.99999977648258,
    "stimulus_description": "EXTPCllATT141203[0]",
    "stimulus_duration": 0.069995,
    "stimulus_interval": 0.05,
    "stimulus_name": "Test",
    "stimulus_relative_amplitude": 1.0,
    "stimulus_start_time": 0.03,
    "stimulus_units": "Volts",
    "sweep_number": 2,
    "vm_delta_mv": 0.0
  },
  {
    "bridge_balance_mohm": 13.0036630630493,
    "id": 475069673,
    "leak_pa": -36.5323066711426,
    "num_spikes": 3,
    "peak_deflection": 0.0,
    "post_noise_rms_mv": 0.0407759994268417,
    "post_vm_mv": -74.7279815673828,
    "pre_noise_rms_mv": 0.0444003865122795,
    "pre_vm_mv": -74.623176574707,
    "slow_noise_rms_mv": 0.181238442659378,
    "slow_vm_mv": -74.623176574707,
    "specimen_id": 475057898,
    "stimulus_absolute_amplitude": 90.0000005077395,
    "stimulus_description": "C2SQRHELNG150216[0]",
    "stimulus_duration": 1.999995,
    "stimulus_interval": null,
    "stimulus_name": "Square - 2s Suprathreshold",
    "stimulus_relative_amplitude": 0.9,
    "stimulus_start_time": 1.02,
    "stimulus_units": "Amps",
    "sweep_number": 59,
    "vm_delta_mv": 0.104804992675781
  },
  {
    "bridge_balance_mohm": 13.0036630630493,
    "id": 475069639,
    "leak_pa": -25.4638519287109,
    "num_spikes": null,
    "peak_deflection": -52.5625,
    "post_noise_rms_mv": 0.0392913408577442,
    "post_vm_mv": -74.023551940918,
    "pre_noise_rms_mv": 0.0328941643238068,
    "pre_vm_mv": -73.546760559082,
    "slow_noise_rms_mv": 0.221833184361458,
    "slow_vm_mv": -73.546760559082,
    "specimen_id": 475057898,
    "stimulus_absolute_amplitude": 79.9999996803358,
    "stimulus_description": "C1LSFINEST150112[0]",
    "stimulus_duration": 0.999995,
    "stimulus_interval": null,
    "stimulus_name": "Long Square",
    "stimulus_relative_amplitude": 0.8,
    "stimulus_start_time": 1.02,
    "stimulus_units": "Amps",
    "sweep_number": 44,
    "vm_delta_mv": 0.476791381835938
  },
  {
    "bridge_balance_mohm": 13.0036630630493,
    "id": 475069709,
    "leak_pa": -31.2220077514648,
    "num_spikes": 3,
    "peak_deflection": 0.0,
    "post_noise_rms_mv": 0.0412086732685566,
    "post_vm_mv": -73.6941680908203,
    "pre_noise_rms_mv": 0.0372282341122627,
    "pre_vm_mv": -73.0034332275391,
    "slow_noise_rms_mv": 0.344565868377686,
    "slow_vm_mv": -73.0034332275391,
    "specimen_id": 475057898,
    "stimulus_absolute_amplitude": 609.999994960475,
    "stimulus_description": "C2SSTRIPLE141203[1]",
    "stimulus_duration": 0.024995,
    "stimulus_interval": 0.011,
    "stimulus_name": "Short Square - Triple",
    "stimulus_relative_amplitude": 6.1,
    "stimulus_start_time": 2.02,
    "stimulus_units": "Amps",
    "sweep_number": 75,
    "vm_delta_mv": 0.69073486328125
  },
  {
    "bridge_balance_mohm": 13.0036630630493,
    "id": 475069521,
    "leak_pa": -74.9840087890625,
    "num_spikes": null,
    "peak_deflection": 0.0,
    "post_noise_rms_mv": 0.0439762063324451,
    "post_vm_mv": -80.5008850097656,
    "pre_noise_rms_mv": 0.0431333929300308,
    "pre_vm_mv": -80.6315994262695,
    "slow_noise_rms_mv": 0.390746057033539,
    "slow_vm_mv": -80.6315994262695,
    "specimen_id": 475057898,
    "stimulus_absolute_amplitude": 750.000006544127,
    "stimulus_description": "C2SSHM80FN150112[0]",
    "stimulus_duration": 0.002995,
    "stimulus_interval": null,
    "stimulus_name": "Short Square - Hold -80mV",
    "stimulus_relative_amplitude": 7.5,
    "stimulus_start_time": 1.02,
    "stimulus_units": "Amps",
    "sweep_number": 106,
    "vm_delta_mv": 0.130714416503906
  },
  {
    "bridge_balance_mohm": 13.0036630630493,
    "id": 475069721,
    "leak_pa": -31.2220077514648,
    "num_spikes": 3,
    "peak_deflection": 0.0,
    "post_noise_rms_mv": 0.0367993339896202,
    "post_vm_mv": -73.5399475097656,
    "pre_noise_rms_mv": 0.0425556860864162,
    "pre_vm_mv": -73.252197265625,
    "slow_noise_rms_mv": 0.176729097962379,
    "slow_vm_mv": -73.252197265625,
    "specimen_id": 475057898,
    "stimulus_absolute_amplitude": 609.999994960475,
    "stimulus_description": "C2SSTRIPLE141203[6]",
    "stimulus_duration": 0.064995,
    "stimulus_interval": 0.031,
    "stimulus_name": "Short Square - Triple",
    "stimulus_relative_amplitude": 6.1,
    "stimulus_start_time": 2.02,
    "stimulus_units": "Amps",
    "sweep_number": 80,
    "vm_delta_mv": 0.287750244140625
  },
  {
    "bridge_balance_mohm": 12.0268621444702,
    "id": 475069625,
    "leak_pa": -20.2815093994141,
    "num_spikes": 42,
    "peak_deflection": 0.0,
    "post_noise_rms_mv": 0.0420123673975468,
    "post_vm_mv": -73.9946899414062,
    "pre_noise_rms_mv": 0.0321963801980019,
    "pre_vm_mv": -74.4917297363281,
    "slow_noise_rms_mv": 0.117250710725784,
    "slow_vm_mv": -74.4917297363281,
    "specimen_id": 475057898,
    "stimulus_absolute_amplitude": 190.000001842883,
    "stimulus_description": "C1LSCOARSE150216[15]",
    "stimulus_duration": 0.999995,
    "stimulus_interval": null,
    "stimulus_name": "Long Square",
    "stimulus_relative_amplitude": 1.0,
    "stimulus_start_time": 1.02,
    "stimulus_units": "Amps",
    "sweep_number": 38,
    "vm_delta_mv": 0.497039794921875
  },
  {
    "bridge_balance_mohm": 13.0036630630493,
    "id": 475069543,
    "leak_pa": 11.5802936553955,
    "num_spikes": 1,
    "peak_deflection": 0.0,
    "post_noise_rms_mv": 0.0434377454221249,
    "post_vm_mv": -61.898250579834,
    "pre_noise_rms_mv": 0.0391565896570683,
    "pre_vm_mv": -61.5446586608887,
    "slow_noise_rms_mv": 0.166776463389397,
    "slow_vm_mv": -61.5446586608887,
    "specimen_id": 475057898,
    "stimulus_absolute_amplitude": 350.000001203554,
    "stimulus_description": "C2SSHM60FN150112[0]",
    "stimulus_duration": 0.002995,
    "stimulus_interval": null,
    "stimulus_name": "Short Square - Hold -60mV",
    "stimulus_relative_amplitude": 3.5,
    "stimulus_start_time": 1.02,
    "stimulus_units": "Amps",
    "sweep_number": 116,
    "vm_delta_mv": 0.353591918945312
  },
  {
    "bridge_balance_mohm": 12.0268621444702,
    "id": 475069593,
    "leak_pa": -6.84580945968628,
    "num_spikes": null,
    "peak_deflection": -97.4687576293945,
    "post_noise_rms_mv": 0.0391889549791813,
    "post_vm_mv": -73.6345138549805,
    "pre_noise_rms_mv": 0.0323452576994896,
    "pre_vm_mv": -73.6854248046875,
    "slow_noise_rms_mv": 0.270457565784454,
    "slow_vm_mv": -73.6854248046875,
    "specimen_id": 475057898,
    "stimulus_absolute_amplitude": -110.000002162547,
    "stimulus_description": "C1LSCOARSE150216[0]",
    "stimulus_duration": 0.999995,
    "stimulus_interval": null,
    "stimulus_name": "Long Square",
    "stimulus_relative_amplitude": 1.0,
    "stimulus_start_time": 1.02,
    "stimulus_units": "Amps",
    "sweep_number": 23,
    "vm_delta_mv": 0.0509109497070312
  },
  {
    "bridge_balance_mohm": 13.0036630630493,
    "id": 475069541,
    "leak_pa": 16.9545745849609,
    "num_spikes": 1,
    "peak_deflection": 0.0,
    "post_noise_rms_mv": 0.0441722795367241,
    "post_vm_mv": -60.4538536071777,
    "pre_noise_rms_mv": 0.0400653444230556,
    "pre_vm_mv": -60.1991081237793,
    "slow_noise_rms_mv": 0.152100697159767,
    "slow_vm_mv": -60.1991081237793,
    "specimen_id": 475057898,
    "stimulus_absolute_amplitude": 400.000005340573,
    "stimulus_description": "C2SSHM60CS150112[3]",
    "stimulus_duration": 0.002995,
    "stimulus_interval": null,
    "stimulus_name": "Short Square - Hold -60mV",
    "stimulus_relative_amplitude": 1.0,
    "stimulus_start_time": 1.02,
    "stimulus_units": "Amps",
    "sweep_number": 115,
    "vm_delta_mv": 0.254745483398438
  },
  {
    "bridge_balance_mohm": 13.0036630630493,
    "id": 475069723,
    "leak_pa": -31.2220077514648,
    "num_spikes": 3,
    "peak_deflection": 0.0,
    "post_noise_rms_mv": 0.0409054569900036,
    "post_vm_mv": -72.9081497192383,
    "pre_noise_rms_mv": 0.0379883423447609,
    "pre_vm_mv": -72.8572463989258,
    "slow_noise_rms_mv": 0.190491765737534,
    "slow_vm_mv": -72.8572463989258,
    "specimen_id": 475057898,
    "stimulus_absolute_amplitude": 609.999994960475,
    "stimulus_description": "C2SSTRIPLE141203[7]",
    "stimulus_duration": 0.072995,
    "stimulus_interval": 0.035,
    "stimulus_name": "Short Square - Triple",
    "stimulus_relative_amplitude": 6.1,
    "stimulus_start_time": 2.02,
    "stimulus_units": "Amps",
    "sweep_number": 81,
    "vm_delta_mv": 0.0509033203125
  },
  {
    "bridge_balance_mohm": 13.0036630630493,
    "id": 475069563,
    "leak_pa": 15.4190654754639,
    "num_spikes": 1,
    "peak_deflection": 0.0,
    "post_noise_rms_mv": 0.0457725264132023,
    "post_vm_mv": -60.7172889709473,
    "pre_noise_rms_mv": 0.0437468625605106,
    "pre_vm_mv": -60.7270164489746,
    "slow_noise_rms_mv": 0.126388818025589,
    "slow_vm_mv": -60.7270164489746,
    "specimen_id": 475057898,
    "stimulus_absolute_amplitude": 350.000001203554,
    "stimulus_description": "C2SSHM60FN150112[0]",
    "stimulus_duration": 0.002995,
    "stimulus_interval": null,
    "stimulus_name": "Short Square - Hold -60mV",
    "stimulus_relative_amplitude": 3.5,
    "stimulus_start_time": 1.02,
    "stimulus_units": "Amps",
    "sweep_number": 125,
    "vm_delta_mv": 0.00972747802734375
  },
  {
    "bridge_balance_mohm": 13.0036630630493,
    "id": 475069517,
    "leak_pa": -67.8182983398438,
    "num_spikes": null,
    "peak_deflection": 0.0,
    "post_noise_rms_mv": 0.0406236760318279,
    "post_vm_mv": -78.7527084350586,
    "pre_noise_rms_mv": 0.0407017022371292,
    "pre_vm_mv": -79.4588623046875,
    "slow_noise_rms_mv": 0.192859396338463,
    "slow_vm_mv": -79.4588623046875,
    "specimen_id": 475057898,
    "stimulus_absolute_amplitude": 700.000002407108,
    "stimulus_description": "C2SSHM80CS150112[6]",
    "stimulus_duration": 0.002995,
    "stimulus_interval": null,
    "stimulus_name": "Short Square - Hold -80mV",
    "stimulus_relative_amplitude": 1.0,
    "stimulus_start_time": 1.02,
    "stimulus_units": "Amps",
    "sweep_number": 104,
    "vm_delta_mv": 0.706153869628906
  },
  {
    "bridge_balance_mohm": 13.0036630630493,
    "id": 475069511,
    "leak_pa": -67.8182983398438,
    "num_spikes": null,
    "peak_deflection": 0.0,
    "post_noise_rms_mv": 0.0405250154435635,
    "post_vm_mv": -79.5137710571289,
    "pre_noise_rms_mv": 0.0385177507996559,
    "pre_vm_mv": -79.3040466308594,
    "slow_noise_rms_mv": 0.298089444637299,
    "slow_vm_mv": -79.3040466308594,
    "specimen_id": 475057898,
    "stimulus_absolute_amplitude": 499.999985859034,
    "stimulus_description": "C2SSHM80CS150112[4]",
    "stimulus_duration": 0.002995,
    "stimulus_interval": null,
    "stimulus_name": "Short Square - Hold -80mV",
    "stimulus_relative_amplitude": 1.0,
    "stimulus_start_time": 1.02,
    "stimulus_units": "Amps",
    "sweep_number": 102,
    "vm_delta_mv": 0.209724426269531
  },
  {
    "bridge_balance_mohm": 13.0036630630493,
    "id": 475069655,
    "leak_pa": -29.8144607543945,
    "num_spikes": 74,
    "peak_deflection": 0.0,
    "post_noise_rms_mv": 0.0392240881919861,
    "post_vm_mv": -74.7711868286133,
    "pre_noise_rms_mv": 0.0410239845514297,
    "pre_vm_mv": -74.6844787597656,
    "slow_noise_rms_mv": 0.182776167988777,
    "slow_vm_mv": -74.6844787597656,
    "specimen_id": 475057898,
    "stimulus_absolute_amplitude": 212.249995357183,
    "stimulus_description": "C1NSSEED_2150216[0]",
    "stimulus_duration": 18.999995,
    "stimulus_interval": 8.0,
    "stimulus_name": "Noise 2",
    "stimulus_relative_amplitude": 0.9,
    "stimulus_start_time": 2.02,
    "stimulus_units": "Amps",
    "sweep_number": 50,
    "vm_delta_mv": 0.0867080688476562
  },
  {
    "bridge_balance_mohm": 13.0036630630493,
    "id": 475069555,
    "leak_pa": 17.6583480834961,
    "num_spikes": 1,
    "peak_deflection": 0.0,
    "post_noise_rms_mv": 0.0418577007949352,
    "post_vm_mv": -60.6860084533691,
    "pre_noise_rms_mv": 0.0379314199090004,
    "pre_vm_mv": -60.5841064453125,
    "slow_noise_rms_mv": 0.159651279449463,
    "slow_vm_mv": -60.5841064453125,
    "specimen_id": 475057898,
    "stimulus_absolute_amplitude": 350.000001203554,
    "stimulus_description": "C2SSHM60FN150112[0]",
    "stimulus_duration": 0.002995,
    "stimulus_interval": null,
    "stimulus_name": "Short Square - Hold -60mV",
    "stimulus_relative_amplitude": 3.5,
    "stimulus_start_time": 1.02,
    "stimulus_units": "Amps",
    "sweep_number": 121,
    "vm_delta_mv": 0.101902008056641
  },
  {
    "bridge_balance_mohm": 12.0268621444702,
    "id": 475069599,
    "leak_pa": -6.84580945968628,
    "num_spikes": null,
    "peak_deflection": -84.78125,
    "post_noise_rms_mv": 0.0411150045692921,
    "post_vm_mv": -73.1500015258789,
    "pre_noise_rms_mv": 0.0353267900645733,
    "pre_vm_mv": -73.2483062744141,
    "slow_noise_rms_mv": 0.17772488296032,
    "slow_vm_mv": -73.2483062744141,
    "specimen_id": 475057898,
    "stimulus_absolute_amplitude": -50.0000006675716,
    "stimulus_description": "C1LSCOARSE150216[3]",
    "stimulus_duration": 0.999995,
    "stimulus_interval": null,
    "stimulus_name": "Long Square",
    "stimulus_relative_amplitude": 1.0,
    "stimulus_start_time": 1.02,
    "stimulus_units": "Amps",
    "sweep_number": 26,
    "vm_delta_mv": 0.0983047485351562
  },
  {
    "bridge_balance_mohm": 13.0036630630493,
    "id": 475069691,
    "leak_pa": -33.2053756713867,
    "num_spikes": 72,
    "peak_deflection": 0.0,
    "post_noise_rms_mv": 0.0550033748149872,
    "post_vm_mv": -73.0562973022461,
    "pre_noise_rms_mv": 0.0400650091469288,
    "pre_vm_mv": -73.3600234985352,
    "slow_noise_rms_mv": 0.270929098129272,
    "slow_vm_mv": -73.3600234985352,
    "specimen_id": 475057898,
    "stimulus_absolute_amplitude": 170.000000188075,
    "stimulus_description": "C2SQRHELNG150216[0]",
    "stimulus_duration": 1.999995,
    "stimulus_interval": null,
    "stimulus_name": "Square - 2s Suprathreshold",
    "stimulus_relative_amplitude": 1.7,
    "stimulus_start_time": 1.02,
    "stimulus_units": "Amps",
    "sweep_number": 67,
    "vm_delta_mv": 0.303726196289062
  },
  {
    "bridge_balance_mohm": 13.0036630630493,
    "id": 475069567,
    "leak_pa": 15.4190654754639,
    "num_spikes": 0,
    "peak_deflection": 0.0,
    "post_noise_rms_mv": 0.0,
    "post_vm_mv": 0.0,
    "pre_noise_rms_mv": 0.0,
    "pre_vm_mv": 0.0,
    "slow_noise_rms_mv": 0.0,
    "slow_vm_mv": 0.0,
    "specimen_id": 475057898,
    "stimulus_absolute_amplitude": 9.99999977648258,
    "stimulus_description": "EXTPGGAEND141203[0]",
    "stimulus_duration": 0.069995,
    "stimulus_interval": 0.05,
    "stimulus_name": "Test",
    "stimulus_relative_amplitude": 1.0,
    "stimulus_start_time": 0.03,
    "stimulus_units": "Volts",
    "sweep_number": 127,
    "vm_delta_mv": 0.0
  },
  {
    "bridge_balance_mohm": 13.0036630630493,
    "id": 475069665,
    "leak_pa": -24.9520168304443,
    "num_spikes": 0,
    "peak_deflection": 0.0,
    "post_noise_rms_mv": 0.0,
    "post_vm_mv": 0.0,
    "pre_noise_rms_mv": 0.0,
    "pre_vm_mv": 0.0,
    "slow_noise_rms_mv": 0.0,
    "slow_vm_mv": 0.0,
    "specimen_id": 475057898,
    "stimulus_absolute_amplitude": 9.99999977648258,
    "stimulus_description": "EXTPRSCHEK150209[0]",
    "stimulus_duration": 0.069995,
    "stimulus_interval": 0.05,
    "stimulus_name": "Test",
    "stimulus_relative_amplitude": 1.0,
    "stimulus_start_time": 0.03,
    "stimulus_units": "Volts",
    "sweep_number": 55,
    "vm_delta_mv": 0.0
  },
  {
    "bridge_balance_mohm": 13.0036630630493,
    "id": 475069557,
    "leak_pa": 13.8835573196411,
    "num_spikes": null,
    "peak_deflection": 0.0,
    "post_noise_rms_mv": 0.0588032901287079,
    "post_vm_mv": -61.3944892883301,
    "pre_noise_rms_mv": 0.0344311930239201,
    "pre_vm_mv": -61.4854698181152,
    "slow_noise_rms_mv": 0.190933063626289,
    "slow_vm_mv": -61.4854698181152,
    "specimen_id": 475057898,
    "stimulus_absolute_amplitude": 350.000001203554,
    "stimulus_description": "C2SSHM60FN150112[0]",
    "stimulus_duration": 0.002995,
    "stimulus_interval": null,
    "stimulus_name": "Short Square - Hold -60mV",
    "stimulus_relative_amplitude": 3.5,
    "stimulus_start_time": 1.02,
    "stimulus_units": "Amps",
    "sweep_number": 122,
    "vm_delta_mv": 0.0909805297851562
  },
  {
    "bridge_balance_mohm": 12.0268621444702,
    "id": 475069595,
    "leak_pa": -6.84580945968628,
    "num_spikes": null,
    "peak_deflection": -93.09375,
    "post_noise_rms_mv": 0.0397710800170898,
    "post_vm_mv": -73.2425765991211,
    "pre_noise_rms_mv": 0.0413536764681339,
    "pre_vm_mv": -73.3426895141602,
    "slow_noise_rms_mv": 0.139510110020638,
    "slow_vm_mv": -73.3426895141602,
    "specimen_id": 475057898,
    "stimulus_absolute_amplitude": -90.0000005077395,
    "stimulus_description": "C1LSCOARSE150216[1]",
    "stimulus_duration": 0.999995,
    "stimulus_interval": null,
    "stimulus_name": "Long Square",
    "stimulus_relative_amplitude": 1.0,
    "stimulus_start_time": 1.02,
    "stimulus_units": "Amps",
    "sweep_number": 24,
    "vm_delta_mv": 0.100112915039062
  },
  {
    "bridge_balance_mohm": 11.5384616851807,
    "id": 475069589,
    "leak_pa": -6.71785020828247,
    "num_spikes": 1,
    "peak_deflection": 0.0,
    "post_noise_rms_mv": 0.0425527058541775,
    "post_vm_mv": -73.5185852050781,
    "pre_noise_rms_mv": 0.03846126049757,
    "pre_vm_mv": -73.158073425293,
    "slow_noise_rms_mv": 0.120425991714001,
    "slow_vm_mv": -73.158073425293,
    "specimen_id": 475057898,
    "stimulus_absolute_amplitude": 609.999994960475,
    "stimulus_description": "C1SSFINEST150112[0]",
    "stimulus_duration": 0.002995,
    "stimulus_interval": null,
    "stimulus_name": "Short Square",
    "stimulus_relative_amplitude": 6.1,
    "stimulus_start_time": 1.02,
    "stimulus_units": "Amps",
    "sweep_number": 21,
    "vm_delta_mv": 0.360511779785156
  },
  {
    "bridge_balance_mohm": 13.0036630630493,
    "id": 475069731,
    "leak_pa": -31.2220077514648,
    "num_spikes": 3,
    "peak_deflection": 0.0,
    "post_noise_rms_mv": 0.034600593149662,
    "post_vm_mv": -73.4606704711914,
    "pre_noise_rms_mv": 0.0476399809122086,
    "pre_vm_mv": -73.1114501953125,
    "slow_noise_rms_mv": 0.291987478733063,
    "slow_vm_mv": -73.1114501953125,
    "specimen_id": 475057898,
    "stimulus_absolute_amplitude": 609.999994960475,
    "stimulus_description": "C2SSTRIPLE141203[3]",
    "stimulus_duration": 0.040995,
    "stimulus_interval": 0.019,
    "stimulus_name": "Short Square - Triple",
    "stimulus_relative_amplitude": 6.1,
    "stimulus_start_time": 2.02,
    "stimulus_units": "Amps",
    "sweep_number": 85,
    "vm_delta_mv": 0.349220275878906
  },
  {
    "bridge_balance_mohm": 13.0036630630493,
    "id": 475069729,
    "leak_pa": -31.2220077514648,
    "num_spikes": 3,
    "peak_deflection": 0.0,
    "post_noise_rms_mv": 0.038771566003561,
    "post_vm_mv": -73.6328277587891,
    "pre_noise_rms_mv": 0.03702312707901,
    "pre_vm_mv": -73.0734634399414,
    "slow_noise_rms_mv": 0.139158189296722,
    "slow_vm_mv": -73.0734634399414,
    "specimen_id": 475057898,
    "stimulus_absolute_amplitude": 609.999994960475,
    "stimulus_description": "C2SSTRIPLE141203[2]",
    "stimulus_duration": 0.032995,
    "stimulus_interval": 0.015,
    "stimulus_name": "Short Square - Triple",
    "stimulus_relative_amplitude": 6.1,
    "stimulus_start_time": 2.02,
    "stimulus_units": "Amps",
    "sweep_number": 84,
    "vm_delta_mv": 0.559364318847656
  },
  {
    "bridge_balance_mohm": 13.0036630630493,
    "id": 475069519,
    "leak_pa": -67.8182983398438,
    "num_spikes": 1,
    "peak_deflection": 0.0,
    "post_noise_rms_mv": 0.0543285682797432,
    "post_vm_mv": -79.0001068115234,
    "pre_noise_rms_mv": 0.0400691330432892,
    "pre_vm_mv": -79.2832565307617,
    "slow_noise_rms_mv": 0.250590860843658,
    "slow_vm_mv": -79.2832565307617,
    "specimen_id": 475057898,
    "stimulus_absolute_amplitude": 800.000010681146,
    "stimulus_description": "C2SSHM80CS150112[7]",
    "stimulus_duration": 0.002995,
    "stimulus_interval": null,
    "stimulus_name": "Short Square - Hold -80mV",
    "stimulus_relative_amplitude": 1.0,
    "stimulus_start_time": 1.02,
    "stimulus_units": "Amps",
    "sweep_number": 105,
    "vm_delta_mv": 0.283149719238281
  },
  {
    "bridge_balance_mohm": 13.0036630630493,
    "id": 475069553,
    "leak_pa": 14.0115156173706,
    "num_spikes": 1,
    "peak_deflection": 0.0,
    "post_noise_rms_mv": 0.0393312498927116,
    "post_vm_mv": -61.4676513671875,
    "pre_noise_rms_mv": 0.0374424383044243,
    "pre_vm_mv": -61.0055160522461,
    "slow_noise_rms_mv": 0.270886987447739,
    "slow_vm_mv": -61.0055160522461,
    "specimen_id": 475057898,
    "stimulus_absolute_amplitude": 350.000001203554,
    "stimulus_description": "C2SSHM60FN150112[0]",
    "stimulus_duration": 0.002995,
    "stimulus_interval": null,
    "stimulus_name": "Short Square - Hold -60mV",
    "stimulus_relative_amplitude": 3.5,
    "stimulus_start_time": 1.02,
    "stimulus_units": "Amps",
    "sweep_number": 120,
    "vm_delta_mv": 0.462135314941406
  },
  {
    "bridge_balance_mohm": 11.5384616851807,
    "id": 475069551,
    "leak_pa": 5.82213687896729,
    "num_spikes": 1,
    "peak_deflection": 0.0,
    "post_noise_rms_mv": 0.0402862727642059,
    "post_vm_mv": -73.0632781982422,
    "pre_noise_rms_mv": 0.0446675084531307,
    "pre_vm_mv": -72.9276428222656,
    "slow_noise_rms_mv": 0.206643745303154,
    "slow_vm_mv": -72.9276428222656,
    "specimen_id": 475057898,
    "stimulus_absolute_amplitude": 599.999994133071,
    "stimulus_description": "C1SSCOARSE150112[5]",
    "stimulus_duration": 0.002995,
    "stimulus_interval": null,
    "stimulus_name": "Short Square",
    "stimulus_relative_amplitude": 1.0,
    "stimulus_start_time": 1.02,
    "stimulus_units": "Amps",
    "sweep_number": 12,
    "vm_delta_mv": 0.135635375976562
  },
  {
    "bridge_balance_mohm": 11.5384616851807,
    "id": 475069587,
    "leak_pa": -9.40499114990234,
    "num_spikes": null,
    "peak_deflection": 0.0,
    "post_noise_rms_mv": 0.0482828766107559,
    "post_vm_mv": -74.0608825683594,
    "pre_noise_rms_mv": 0.0393821820616722,
    "pre_vm_mv": -73.9573135375977,
    "slow_noise_rms_mv": 0.140815004706383,
    "slow_vm_mv": -73.9573135375977,
    "specimen_id": 475057898,
    "stimulus_absolute_amplitude": 609.999994960475,
    "stimulus_description": "C1SSFINEST150112[0]",
    "stimulus_duration": 0.002995,
    "stimulus_interval": null,
    "stimulus_name": "Short Square",
    "stimulus_relative_amplitude": 6.1,
    "stimulus_start_time": 1.02,
    "stimulus_units": "Amps",
    "sweep_number": 20,
    "vm_delta_mv": 0.103569030761719
  },
  {
    "bridge_balance_mohm": 13.0036630630493,
    "id": 475069699,
    "leak_pa": -33.2693519592285,
    "num_spikes": 71,
    "peak_deflection": 0.0,
    "post_noise_rms_mv": 0.0367329083383083,
    "post_vm_mv": -73.4710235595703,
    "pre_noise_rms_mv": 0.0383103415369987,
    "pre_vm_mv": -73.6338882446289,
    "slow_noise_rms_mv": 0.168549552559853,
    "slow_vm_mv": -73.6338882446289,
    "specimen_id": 475057898,
    "stimulus_absolute_amplitude": 170.000000188075,
    "stimulus_description": "C2SQRHELNG150216[0]",
    "stimulus_duration": 1.999995,
    "stimulus_interval": null,
    "stimulus_name": "Square - 2s Suprathreshold",
    "stimulus_relative_amplitude": 1.7,
    "stimulus_start_time": 1.02,
    "stimulus_units": "Amps",
    "sweep_number": 70,
    "vm_delta_mv": 0.162864685058594
  },
  {
    "bridge_balance_mohm": 13.0036630630493,
    "id": 475069737,
    "leak_pa": -31.2220077514648,
    "num_spikes": 3,
    "peak_deflection": 0.0,
    "post_noise_rms_mv": 0.0377495996654034,
    "post_vm_mv": -73.6405487060547,
    "pre_noise_rms_mv": 0.0438979044556618,
    "pre_vm_mv": -73.180305480957,
    "slow_noise_rms_mv": 0.161474317312241,
    "slow_vm_mv": -73.180305480957,
    "specimen_id": 475057898,
    "stimulus_absolute_amplitude": 609.999994960475,
    "stimulus_description": "C2SSTRIPLE141203[6]",
    "stimulus_duration": 0.064995,
    "stimulus_interval": 0.031,
    "stimulus_name": "Short Square - Triple",
    "stimulus_relative_amplitude": 6.1,
    "stimulus_start_time": 2.02,
    "stimulus_units": "Amps",
    "sweep_number": 88,
    "vm_delta_mv": 0.460243225097656
  },
  {
    "bridge_balance_mohm": 11.5384616851807,
    "id": 475069653,
    "leak_pa": 0.0,
    "num_spikes": 56,
    "peak_deflection": 0.0,
    "post_noise_rms_mv": 0.0,
    "post_vm_mv": 0.0,
    "pre_noise_rms_mv": 0.0416510589420795,
    "pre_vm_mv": -74.5697937011719,
    "slow_noise_rms_mv": 0.132400006055832,
    "slow_vm_mv": -74.5697937011719,
    "specimen_id": 475057898,
    "stimulus_absolute_amplitude": 800.000010681146,
    "stimulus_description": "C1RP25PR1S141203[0]",
    "stimulus_duration": 31.997495,
    "stimulus_interval": null,
    "stimulus_name": "Ramp",
    "stimulus_relative_amplitude": 1.0,
    "stimulus_start_time": 1.0225,
    "stimulus_units": "Amps",
    "sweep_number": 5,
    "vm_delta_mv": 0.0
  },
  {
    "bridge_balance_mohm": 13.0036630630493,
    "id": 475069545,
    "leak_pa": 11.8362121582031,
    "num_spikes": 1,
    "peak_deflection": 0.0,
    "post_noise_rms_mv": 0.0478092432022095,
    "post_vm_mv": -61.8589286804199,
    "pre_noise_rms_mv": 0.0391160361468792,
    "pre_vm_mv": -61.3563385009766,
    "slow_noise_rms_mv": 0.265465170145035,
    "slow_vm_mv": -61.3563385009766,
    "specimen_id": 475057898,
    "stimulus_absolute_amplitude": 329.999999548747,
    "stimulus_description": "C2SSHM60FN150112[0]",
    "stimulus_duration": 0.002995,
    "stimulus_interval": null,
    "stimulus_name": "Short Square - Hold -60mV",
    "stimulus_relative_amplitude": 3.3,
    "stimulus_start_time": 1.02,
    "stimulus_units": "Amps",
    "sweep_number": 117,
    "vm_delta_mv": 0.502590179443359
  },
  {
    "bridge_balance_mohm": 13.0036630630493,
    "id": 475069559,
    "leak_pa": 16.3147792816162,
    "num_spikes": 1,
    "peak_deflection": 0.0,
    "post_noise_rms_mv": 0.0437572225928307,
    "post_vm_mv": -60.6182403564453,
    "pre_noise_rms_mv": 0.0380650423467159,
    "pre_vm_mv": -60.5717315673828,
    "slow_noise_rms_mv": 0.174864590167999,
    "slow_vm_mv": -60.5717315673828,
    "specimen_id": 475057898,
    "stimulus_absolute_amplitude": 350.000001203554,
    "stimulus_description": "C2SSHM60FN150112[0]",
    "stimulus_duration": 0.002995,
    "stimulus_interval": null,
    "stimulus_name": "Short Square - Hold -60mV",
    "stimulus_relative_amplitude": 3.5,
    "stimulus_start_time": 1.02,
    "stimulus_units": "Amps",
    "sweep_number": 123,
    "vm_delta_mv": 0.0465087890625
  }
]