{
  "passive": [
    {
      "ra": 100
    }
  ], 
  "fitting": [
    {
      "junction_potential": -14.0, 
      "sweeps": [
        35
      ]
    }
  ], 
  "conditions": [
    {
      "celsius": 34, 
      "erev": [
        {
          "ena": 53.0, 
          "section": "soma", 
          "ek": -107.0
        }, 
        {
          "ena": 53.0, 
          "section": "axon", 
          "ek": -107.0
        }, 
        {
          "ena": 53.0, 
          "section": "apic", 
          "ek": -107.0
        }, 
        {
          "ena": 53.0, 
          "section": "dend", 
          "ek": -107.0
        }
      ], 
      "v_init": -90
    }
  ], 
  "genome": [
    {
      "section": "soma", 
      "name": "g_pas", 
      "value": "6.83746e-05", 
      "mechanism": ""
    }, 
    {
      "section": "soma", 
      "name": "e_pas", 
      "value": "-61.3901", 
      "mechanism": ""
    }, 
    {
      "section": "axon", 
      "name": "g_pas", 
      "value": "0.00423766", 
      "mechanism": ""
    }, 
    {
      "section": "axon", 
      "name": "e_pas", 
      "value": "-109.965", 
      "mechanism": ""
    }, 
    {
      "section": "apic", 
      "name": "g_pas", 
      "value": "0.00209908", 
      "mechanism": ""
    }, 
    {
      "section": "apic", 
      "name": "e_pas", 
      "value": "-96.5927", 
      "mechanism": ""
    }, 
    {
      "section": "dend", 
      "name": "g_pas", 
      "value": "1.80843e-05", 
      "mechanism": ""
    }, 
    {
      "section": "dend", 
      "name": "e_pas", 
      "value": "-70.1262", 
      "mechanism": ""
    }, 
    {
      "section": "soma", 
      "name": "cm", 
      "value": "3.49441", 
      "mechanism": ""
    }, 
    {
      "section": "soma", 
      "name": "Ra", 
      "value": "59.6842", 
      "mechanism": ""
    }, 
    {
      "section": "axon", 
      "name": "cm", 
      "value": "8.59195", 
      "mechanism": ""
    }, 
    {
      "section": "axon", 
      "name": "Ra", 
      "value": "122.705", 
      "mechanism": ""
    }, 
    {
      "section": "apic", 
      "name": "cm", 
      "value": "5.76006", 
      "mechanism": ""
    }, 
    {
      "section": "apic", 
      "name": "Ra", 
      "value": "61.4683", 
      "mechanism": ""
    }, 
    {
      "section": "dend", 
      "name": "cm", 
      "value": "1.64575", 
      "mechanism": ""
    }, 
    {
      "section": "dend", 
      "name": "Ra", 
      "value": "137.771", 
      "mechanism": ""
    }, 
    {
      "section": "axon", 
      "name": "gbar_NaV", 
      "value": "0.00839492", 
      "mechanism": "NaV"
    }, 
    {
      "section": "axon", 
      "name": "gbar_K_T", 
      "value": "0.000876902", 
      "mechanism": "K_T"
    }, 
    {
      "section": "axon", 
      "name": "gbar_Kd", 
      "value": "0.00598326", 
      "mechanism": "Kd"
    }, 
    {
      "section": "axon", 
      "name": "gbar_Kv2like", 
      "value": "0.00220707", 
      "mechanism": "Kv2like"
    }, 
    {
      "section": "axon", 
      "name": "gbar_Kv3_1", 
      "value": "0.282012", 
      "mechanism": "Kv3_1"
    }, 
    {
      "section": "axon", 
      "name": "gbar_SK", 
      "value": "0.00948788", 
      "mechanism": "SK"
    }, 
    {
      "section": "axon", 
      "name": "gbar_Ca_HVA", 
      "value": "9.65261e-05", 
      "mechanism": "Ca_HVA"
    }, 
    {
      "section": "axon", 
      "name": "gbar_Ca_LVA", 
      "value": "0.000956247", 
      "mechanism": "Ca_LVA"
    }, 
    {
      "section": "axon", 
      "name": "gamma_CaDynamics", 
      "value": "0.0456349", 
      "mechanism": "CaDynamics"
    }, 
    {
      "section": "axon", 
      "name": "decay_CaDynamics", 
      "value": "406.497", 
      "mechanism": "CaDynamics"
    }, 
    {
      "section": "soma", 
      "name": "gbar_NaV", 
      "value": "0.045015", 
      "mechanism": "NaV"
    }, 
    {
      "section": "soma", 
      "name": "gbar_SK", 
      "value": "7.27781e-05", 
      "mechanism": "SK"
    }, 
    {
      "section": "soma", 
      "name": "gbar_Kv3_1", 
      "value": "0.000405562", 
      "mechanism": "Kv3_1"
    }, 
    {
      "section": "soma", 
      "name": "gbar_Ca_HVA", 
      "value": "5.16231e-05", 
      "mechanism": "Ca_HVA"
    }, 
    {
      "section": "soma", 
      "name": "gbar_Ca_LVA", 
      "value": "0.00258502", 
      "mechanism": "Ca_LVA"
    }, 
    {
      "section": "soma", 
      "name": "gamma_CaDynamics", 
      "value": "0.000845477", 
      "mechanism": "CaDynamics"
    }, 
    {
      "section": "soma", 
      "name": "decay_CaDynamics", 
      "value": "996.454", 
      "mechanism": "CaDynamics"
    }, 
    {
      "section": "soma", 
      "name": "gbar_Ih", 
      "value": "9.7001e-06", 
      "mechanism": "Ih"
    }, 
    {
      "section": "apic", 
      "name": "gbar_NaV", 
      "value": "0.048935", 
      "mechanism": "NaV"
    }, 
    {
      "section": "apic", 
      "name": "gbar_Kv3_1", 
      "value": "0.534336", 
      "mechanism": "Kv3_1"
    }, 
    {
      "section": "apic", 
      "name": "gbar_Im_v2", 
      "value": "0.00105489", 
      "mechanism": "Im_v2"
    }, 
    {
      "section": "apic", 
      "name": "gbar_Ih", 
      "value": "9.09518e-06", 
      "mechanism": "Ih"
    }, 
    {
      "section": "dend", 
      "name": "gbar_NaV", 
      "value": "0.0417154", 
      "mechanism": "NaV"
    }, 
    {
      "section": "dend", 
      "name": "gbar_Kv3_1", 
      "value": "0.320918", 
      "mechanism": "Kv3_1"
    }, 
    {
      "section": "dend", 
      "name": "gbar_Im_v2", 
      "value": "4.60388e-05", 
      "mechanism": "Im_v2"
    }, 
    {
      "section": "dend", 
      "name": "gbar_Ih", 
      "value": "4.26117e-07", 
      "mechanism": "Ih"
    }
  ]
}